"month","language","age","has_older_device_model","paid_users","mrr","new_paid_users","new_mrr","churned_users","churned_revenue","expansion_mrr","contraction_mrr","arppu","churn_rate","revenue_churn_rate","net_mrr_change","net_user_change","avg_customer_lifetime","avg_ltv","total_customers"
2022-03-01 00:00:00.000 +0300,ru,15,false,1,38.10,1,38.10,0,0,0,0,38.1000000000000000,0,0.00000000000000000000,-151.98,-2,3.6344647519582245,164.8581462140992167,383
2022-03-01 00:00:00.000 +0300,ru,16,false,1,23.76,1,23.76,0,0,0,0,23.7600000000000000,0,0.00000000000000000000,5.97,0,3.6344647519582245,164.8581462140992167,383
2022-03-01 00:00:00.000 +0300,ru,17,false,2,75.39,2,75.39,0,0,0,0,37.6950000000000000,0,0.00000000000000000000,51.63,1,3.6344647519582245,164.8581462140992167,383
2022-03-01 00:00:00.000 +0300,ru,20,false,1,17.79,1,17.79,0,0,0,0,17.7900000000000000,,,,,3.6344647519582245,164.8581462140992167,383
2022-03-01 00:00:00.000 +0300,ru,22,false,3,65.82,3,65.82,0,0,0,0,21.9400000000000000,0,0.00000000000000000000,-9.57,1,3.6344647519582245,164.8581462140992167,383
2022-03-01 00:00:00.000 +0300,ru,23,false,3,190.08,3,190.08,0,0,0,0,63.3600000000000000,0,0.00000000000000000000,124.26,0,3.6344647519582245,164.8581462140992167,383
2022-03-01 00:00:00.000 +0300,ru,24,false,2,78.54,2,78.54,0,0,0,0,39.2700000000000000,0,0.00000000000000000000,40.44,1,3.6344647519582245,164.8581462140992167,383
2022-03-01 00:00:00.000 +0300,ru,25,false,2,105.42,2,105.42,0,0,0,0,52.7100000000000000,0,0.00000000000000000000,26.88,0,3.6344647519582245,164.8581462140992167,383
2022-03-01 00:00:00.000 +0300,ru,29,false,1,13.32,1,13.32,0,0,0,0,13.3200000000000000,0,0.00000000000000000000,-92.10,-1,3.6344647519582245,164.8581462140992167,383
2022-03-01 00:00:00.000 +0300,ru,32,false,1,38.52,1,38.52,0,0,0,0,38.5200000000000000,0,0.00000000000000000000,25.20,0,3.6344647519582245,164.8581462140992167,383
2022-03-01 00:00:00.000 +0300,ru,35,false,1,12.54,1,12.54,0,0,0,0,12.5400000000000000,0,0.00000000000000000000,-25.98,0,3.6344647519582245,164.8581462140992167,383
2022-03-01 00:00:00.000 +0300,uk,14,false,1,15.66,1,15.66,0,0,0,0,15.6600000000000000,0,0.00000000000000000000,2.94,0,3.6344647519582245,164.8581462140992167,383
2022-03-01 00:00:00.000 +0300,uk,15,true,1,13.98,1,13.98,0,0,0,0,13.9800000000000000,0,0.00000000000000000000,-76.47,-1,3.6344647519582245,164.8581462140992167,383
2022-03-01 00:00:00.000 +0300,uk,15,false,2,90.45,2,90.45,0,0,0,0,45.2250000000000000,0,0.00000000000000000000,74.79,1,3.6344647519582245,164.8581462140992167,383
2022-03-01 00:00:00.000 +0300,uk,16,false,2,65.46,2,65.46,0,0,0,0,32.7300000000000000,0,0.00000000000000000000,51.48,1,3.6344647519582245,164.8581462140992167,383
2022-03-01 00:00:00.000 +0300,uk,18,true,3,120.69,3,120.69,0,0,0,0,40.2300000000000000,0,0.00000000000000000000,78.00,1,3.6344647519582245,164.8581462140992167,383
2022-03-01 00:00:00.000 +0300,uk,18,false,2,42.69,2,42.69,0,0,0,0,21.3450000000000000,0,0.00000000000000000000,-22.77,0,3.6344647519582245,164.8581462140992167,383
2022-03-01 00:00:00.000 +0300,uk,20,true,1,27.15,1,27.15,0,0,0,0,27.1500000000000000,0,0.00000000000000000000,-128.70,-4,3.6344647519582245,164.8581462140992167,383
2022-03-01 00:00:00.000 +0300,uk,20,false,5,155.85,5,155.85,0,0,0,0,31.1700000000000000,0,0.00000000000000000000,35.16,2,3.6344647519582245,164.8581462140992167,383
2022-03-01 00:00:00.000 +0300,uk,22,false,2,48.57,2,48.57,0,0,0,0,24.2850000000000000,0,0.00000000000000000000,21.42,1,3.6344647519582245,164.8581462140992167,383
2022-03-01 00:00:00.000 +0300,uk,24,false,3,92.43,3,92.43,0,0,0,0,30.8100000000000000,,,,,3.6344647519582245,164.8581462140992167,383
2022-03-01 00:00:00.000 +0300,uk,25,false,1,122.64,1,122.64,0,0,0,0,122.6400000000000000,0,0.00000000000000000000,74.07,-1,3.6344647519582245,164.8581462140992167,383
2022-03-01 00:00:00.000 +0300,uk,34,false,1,22.95,1,22.95,0,0,0,0,22.9500000000000000,0,0.00000000000000000000,-69.48,-2,3.6344647519582245,164.8581462140992167,383
2022-03-01 00:00:00.000 +0300,uk,38,false,1,12.72,1,12.72,0,0,0,0,12.7200000000000000,0,0.00000000000000000000,-10.23,0,3.6344647519582245,164.8581462140992167,383
2022-04-01 00:00:00.000 +0300,en,20,false,1,21.33,1,21.33,0,0,0,0,21.3300000000000000,,,,,3.6344647519582245,164.8581462140992167,383
2022-04-01 00:00:00.000 +0300,ru,15,false,2,83.04,1,23.31,1,59.73,0,0,41.5200000000000000,0,0.60006027727546714888,-16.50,0,3.6344647519582245,164.8581462140992167,383
2022-04-01 00:00:00.000 +0300,ru,16,false,2,99.54,1,18.12,0,0,57.66,0,49.7700000000000000,0,0.00000000000000000000,-16.80,0,3.6344647519582245,164.8581462140992167,383
2022-04-01 00:00:00.000 +0300,ru,17,false,2,116.34,1,59.64,0,0,2.10,0,58.1700000000000000,0,0.00000000000000000000,14.19,-1,3.6344647519582245,164.8581462140992167,383
2022-04-01 00:00:00.000 +0300,ru,18,false,3,102.15,3,102.15,0,0,0,0,34.0500000000000000,0,0.00000000000000000000,60.69,2,3.6344647519582245,164.8581462140992167,383
2022-04-01 00:00:00.000 +0300,ru,19,false,1,41.46,1,41.46,0,0,0,0,41.4600000000000000,0,0.00000000000000000000,-219.15,-3,3.6344647519582245,164.8581462140992167,383
2022-04-01 00:00:00.000 +0300,ru,20,true,1,19.11,1,19.11,0,0,0,0,19.1100000000000000,0,0.00000000000000000000,-36.75,0,3.6344647519582245,164.8581462140992167,383
2022-04-01 00:00:00.000 +0300,ru,20,false,4,260.61,3,134.64,0,0,108.18,0,65.1525000000000000,0,0.00000000000000000000,241.50,3,3.6344647519582245,164.8581462140992167,383
2022-04-01 00:00:00.000 +0300,ru,21,true,1,26.61,1,26.61,0,0,0,0,26.6100000000000000,0,0.00000000000000000000,-145.32,-1,3.6344647519582245,164.8581462140992167,383
2022-04-01 00:00:00.000 +0300,ru,21,false,1,55.86,1,55.86,0,0,0,0,55.8600000000000000,0,0.00000000000000000000,29.25,0,3.6344647519582245,164.8581462140992167,383
2022-04-01 00:00:00.000 +0300,ru,22,false,2,171.93,0,0,0,0,123.09,0,85.9650000000000000,0,0.00000000000000000000,-101.46,-2,3.6344647519582245,164.8581462140992167,383
2022-04-01 00:00:00.000 +0300,ru,23,false,4,273.39,1,50.16,2,109.08,0,44.52,68.3475000000000000,1,1.2985714285714286,189.39,2,3.6344647519582245,164.8581462140992167,383
2022-04-01 00:00:00.000 +0300,ru,24,false,2,84.00,0,0,0,0,22.47,17.01,42.0000000000000000,0,0.00000000000000000000,41.76,1,3.6344647519582245,164.8581462140992167,383
2022-04-01 00:00:00.000 +0300,ru,24,true,1,42.24,1,42.24,0,0,0,0,42.2400000000000000,0,0.00000000000000000000,-11.40,-1,3.6344647519582245,164.8581462140992167,383
2022-04-01 00:00:00.000 +0300,ru,25,false,2,53.64,0,0,1,16.8,0,12.96,26.8200000000000000,1,1.1498973305954825,39.03,1,3.6344647519582245,164.8581462140992167,383
2022-04-01 00:00:00.000 +0300,ru,30,false,1,35.55,1,35.55,0,0,0,0,35.5500000000000000,0,0.00000000000000000000,23.01,0,3.6344647519582245,164.8581462140992167,383
2022-04-01 00:00:00.000 +0300,ru,32,false,1,58.20,0,0,0,0,19.68,0,58.2000000000000000,0,0.00000000000000000000,22.65,0,3.6344647519582245,164.8581462140992167,383
2022-04-01 00:00:00.000 +0300,ru,34,false,1,12.03,1,12.03,0,0,0,0,12.0300000000000000,0,0.00000000000000000000,-46.17,0,3.6344647519582245,164.8581462140992167,383
2022-04-01 00:00:00.000 +0300,ru,43,false,1,14.61,1,14.61,0,0,0,0,14.6100000000000000,0,0.00000000000000000000,2.58,0,3.6344647519582245,164.8581462140992167,383
2022-04-01 00:00:00.000 +0300,uk,14,false,2,111.45,2,111.45,0,0,0,0,55.7250000000000000,0,0.00000000000000000000,-5.70,-1,3.6344647519582245,164.8581462140992167,383
2022-04-01 00:00:00.000 +0300,uk,15,false,2,102.96,0,0,0,0,16.35,3.84,51.4800000000000000,0,0.00000000000000000000,-19.68,1,3.6344647519582245,164.8581462140992167,383
2022-04-01 00:00:00.000 +0300,uk,15,true,1,14.82,0,0,0,0,0.84,0,14.8200000000000000,0,0.00000000000000000000,-88.14,-1,3.6344647519582245,164.8581462140992167,383
2022-04-01 00:00:00.000 +0300,uk,16,false,3,219.15,1,33.03,0,0,120.66,0,73.0500000000000000,0,0.00000000000000000000,29.82,-1,3.6344647519582245,164.8581462140992167,383
2022-04-01 00:00:00.000 +0300,uk,18,true,1,18.42,0,0,0,0,2.28,0,18.4200000000000000,0,0.00000000000000000000,-48.84,0,3.6344647519582245,164.8581462140992167,383
2022-04-01 00:00:00.000 +0300,uk,18,false,2,70.68,0,0,2,70.68,0,0,35.3400000000000000,2,1.4624456859093731,22.35,1,3.6344647519582245,164.8581462140992167,383
2022-04-01 00:00:00.000 +0300,uk,19,false,1,67.26,1,67.26,0,0,0,0,67.2600000000000000,0,0.00000000000000000000,-192.45,-3,3.6344647519582245,164.8581462140992167,383
2022-04-01 00:00:00.000 +0300,uk,20,true,1,14.94,0,0,0,0,0,12.21,14.9400000000000000,0,0.00000000000000000000,0.12,0,3.6344647519582245,164.8581462140992167,383
2022-04-01 00:00:00.000 +0300,uk,20,false,4,259.71,1,47.94,0,0,121.68,0,64.9275000000000000,0,0.00000000000000000000,244.77,3,3.6344647519582245,164.8581462140992167,383
2022-04-01 00:00:00.000 +0300,uk,21,true,1,59.67,1,59.67,0,0,0,0,59.6700000000000000,0,0.00000000000000000000,-201.36,-2,3.6344647519582245,164.8581462140992167,383
2022-04-01 00:00:00.000 +0300,uk,21,false,4,189.33,4,189.33,0,0,0,0,47.3325000000000000,0,0.00000000000000000000,129.66,3,3.6344647519582245,164.8581462140992167,383
2022-04-01 00:00:00.000 +0300,uk,22,false,3,261.03,2,174.15,0,0,63.72,0,87.0100000000000000,0,0.00000000000000000000,63.03,0,3.6344647519582245,164.8581462140992167,383
2022-04-01 00:00:00.000 +0300,uk,23,false,3,198.00,3,198.00,0,0,0,0,66.0000000000000000,0,0.00000000000000000000,179.58,2,3.6344647519582245,164.8581462140992167,383
2022-04-01 00:00:00.000 +0300,uk,24,false,3,117.15,1,31.68,1,13.95,48.51,0,39.0500000000000000,0,0.07472280250682950345,-69.54,-1,3.6344647519582245,164.8581462140992167,383
2022-04-01 00:00:00.000 +0300,uk,25,false,4,186.69,3,130.53,0,0,0,66.48,46.6725000000000000,0,0.00000000000000000000,168.30,3,3.6344647519582245,164.8581462140992167,383
2022-04-01 00:00:00.000 +0300,uk,28,false,1,18.39,1,18.39,0,0,0,0,18.3900000000000000,0,0.00000000000000000000,1.47,0,3.6344647519582245,164.8581462140992167,383
2022-04-01 00:00:00.000 +0300,uk,29,false,1,16.92,1,16.92,0,0,0,0,16.9200000000000000,0,0.00000000000000000000,2.58,0,3.6344647519582245,164.8581462140992167,383
2022-04-01 00:00:00.000 +0300,uk,30,false,1,14.34,1,14.34,0,0,0,0,14.3400000000000000,0,0.00000000000000000000,-56.34,-1,3.6344647519582245,164.8581462140992167,383
2022-04-01 00:00:00.000 +0300,uk,34,false,1,39.48,0,0,0,0,16.53,0,39.4800000000000000,0,0.00000000000000000000,-179.67,-2,3.6344647519582245,164.8581462140992167,383
2022-04-01 00:00:00.000 +0300,uk,38,false,1,48.33,0,0,1,48.33,0,0,48.3300000000000000,1,1.2241641337386018,8.85,0,3.6344647519582245,164.8581462140992167,383
2022-05-01 00:00:00.000 +0300,en,16,false,1,91.17,1,91.17,0,0,0,0,91.1700000000000000,0,0.00000000000000000000,69.84,0,3.6344647519582245,164.8581462140992167,383
2022-05-01 00:00:00.000 +0300,en,20,false,1,75.90,0,0,0,0,54.57,0,75.9000000000000000,0,0.00000000000000000000,-15.27,0,3.6344647519582245,164.8581462140992167,383
2022-05-01 00:00:00.000 +0300,ru,15,false,1,133.14,1,133.14,0,0,0,0,133.1400000000000000,0,0.00000000000000000000,117.54,0,3.6344647519582245,164.8581462140992167,383
2022-05-01 00:00:00.000 +0300,ru,16,false,1,15.69,0,0,0,0,0,65.73,15.6900000000000000,0,0.00000000000000000000,-117.45,0,3.6344647519582245,164.8581462140992167,383
2022-05-01 00:00:00.000 +0300,ru,17,false,5,263.85,2,168.12,1,20.85,27.09,29.70,52.7700000000000000,1,1.3288718929254302,248.16,4,3.6344647519582245,164.8581462140992167,383
2022-05-01 00:00:00.000 +0300,ru,17,true,1,86.46,1,86.46,0,0,0,0,86.4600000000000000,0,0.00000000000000000000,-177.39,-4,3.6344647519582245,164.8581462140992167,383
2022-05-01 00:00:00.000 +0300,ru,18,false,3,96.45,2,81.90,0,0,0,8.49,32.1500000000000000,0,0.00000000000000000000,9.99,2,3.6344647519582245,164.8581462140992167,383
2022-05-01 00:00:00.000 +0300,ru,19,false,2,53.43,1,40.17,0,0,0,28.20,26.7150000000000000,0,0.00000000000000000000,-43.02,-1,3.6344647519582245,164.8581462140992167,383
2022-05-01 00:00:00.000 +0300,ru,20,false,5,200.85,1,12.12,0,0,24.09,95.97,40.1700000000000000,0,0.00000000000000000000,147.42,3,3.6344647519582245,164.8581462140992167,383
2022-05-01 00:00:00.000 +0300,ru,20,true,1,40.62,0,0,1,40.62,0,0,40.6200000000000000,0,0.20224047796863330844,-160.23,-4,3.6344647519582245,164.8581462140992167,383
2022-05-01 00:00:00.000 +0300,ru,21,false,1,22.17,0,0,0,0,0,33.69,22.1700000000000000,0,0.00000000000000000000,-96.78,0,3.6344647519582245,164.8581462140992167,383
2022-05-01 00:00:00.000 +0300,ru,21,true,1,96.06,0,0,0,0,69.45,0,96.0600000000000000,0,0.00000000000000000000,73.89,0,3.6344647519582245,164.8581462140992167,383
2022-05-01 00:00:00.000 +0300,ru,22,false,2,120.87,0,0,1,62.61,0,7.71,60.4350000000000000,0,0.75397398843930635838,37.83,0,3.6344647519582245,164.8581462140992167,383
2022-05-01 00:00:00.000 +0300,ru,23,false,2,88.80,0,0,0,0,0,75.51,44.4000000000000000,0,0.00000000000000000000,-32.07,0,3.6344647519582245,164.8581462140992167,383
2022-05-01 00:00:00.000 +0300,ru,24,true,1,15.6,0,0,0,0,0,26.64,15.6000000000000000,0,0.00000000000000000000,-103.05,-2,3.6344647519582245,164.8581462140992167,383
2022-05-01 00:00:00.000 +0300,ru,24,false,3,118.65,1,12.48,0,0,22.17,0,39.5500000000000000,0,0.00000000000000000000,75.93,2,3.6344647519582245,164.8581462140992167,383
2022-05-01 00:00:00.000 +0300,ru,25,false,1,42.72,0,0,0,0,5.88,0,42.7200000000000000,0,0.00000000000000000000,19.86,0,3.6344647519582245,164.8581462140992167,383
2022-05-01 00:00:00.000 +0300,ru,27,false,1,22.86,1,22.86,0,0,0,0,22.8600000000000000,0,0.00000000000000000000,-19.02,0,3.6344647519582245,164.8581462140992167,383
2022-05-01 00:00:00.000 +0300,ru,30,false,1,41.88,0,0,0,0,6.33,0,41.8800000000000000,0,0.00000000000000000000,17.52,0,3.6344647519582245,164.8581462140992167,383
2022-05-01 00:00:00.000 +0300,ru,31,false,1,24.36,1,24.36,0,0,0,0,24.3600000000000000,0,0.00000000000000000000,-64.44,-1,3.6344647519582245,164.8581462140992167,383
2022-05-01 00:00:00.000 +0300,ru,32,false,1,118.95,0,0,0,0,60.75,0,118.9500000000000000,0,0.00000000000000000000,90.63,0,3.6344647519582245,164.8581462140992167,383
2022-05-01 00:00:00.000 +0300,ru,34,false,1,28.32,0,0,0,0,16.29,0,28.3200000000000000,0,0.00000000000000000000,-3.24,0,3.6344647519582245,164.8581462140992167,383
2022-05-01 00:00:00.000 +0300,ru,35,false,1,31.56,0,0,1,31.56,0,0,31.5600000000000000,1,0.77695716395864106352,-9.06,0,3.6344647519582245,164.8581462140992167,383
2022-05-01 00:00:00.000 +0300,uk,14,true,1,65.73,1,65.73,0,0,0,0,65.7300000000000000,0,0.00000000000000000000,-78.09,-1,3.6344647519582245,164.8581462140992167,383
2022-05-01 00:00:00.000 +0300,uk,14,false,2,143.82,0,0,1,95.52,0,39.06,71.9100000000000000,1,2.9757009345794393,111.72,1,3.6344647519582245,164.8581462140992167,383
2022-05-01 00:00:00.000 +0300,uk,15,true,1,28.68,0,0,0,0,13.86,0,28.6800000000000000,0,0.00000000000000000000,-109.59,-1,3.6344647519582245,164.8581462140992167,383
2022-05-01 00:00:00.000 +0300,uk,15,false,2,138.27,0,0,0,0,40.41,5.10,69.1350000000000000,0,0.00000000000000000000,72.54,1,3.6344647519582245,164.8581462140992167,383
2022-05-01 00:00:00.000 +0300,uk,16,false,5,318.69,2,122.34,0,0,38.31,61.11,63.7380000000000000,0,0.00000000000000000000,290.01,4,3.6344647519582245,164.8581462140992167,383
2022-05-01 00:00:00.000 +0300,uk,17,false,1,32.10,1,32.10,0,0,0,0,32.1000000000000000,0,0.00000000000000000000,-23.61,-1,3.6344647519582245,164.8581462140992167,383
2022-05-01 00:00:00.000 +0300,uk,18,true,2,55.71,0,0,0,0,6.57,58.50,27.8550000000000000,0,0.00000000000000000000,-137.01,-1,3.6344647519582245,164.8581462140992167,383
2022-05-01 00:00:00.000 +0300,uk,19,false,3,192.72,2,176.28,1,16.44,0,0,64.2400000000000000,0,0.05558936904037330087,-103.02,-3,3.6344647519582245,164.8581462140992167,383
2022-05-01 00:00:00.000 +0300,uk,20,true,1,26.40,0,0,0,0,11.46,0,26.4000000000000000,0,0.00000000000000000000,-90.39,-3,3.6344647519582245,164.8581462140992167,383
2022-05-01 00:00:00.000 +0300,uk,20,false,6,295.74,1,21.84,2,109.59,0,47.46,49.2900000000000000,2,4.1511363636363636,269.34,5,3.6344647519582245,164.8581462140992167,383
2022-05-01 00:00:00.000 +0300,uk,21,true,2,52.32,1,39.96,0,0,0,47.31,26.1600000000000000,0,0.00000000000000000000,-116.31,-3,3.6344647519582245,164.8581462140992167,383
2022-05-01 00:00:00.000 +0300,uk,21,false,4,116.79,2,64.86,1,20.73,0,29.37,29.1975000000000000,0,0.39621559633027522936,64.47,2,3.6344647519582245,164.8581462140992167,383
2022-05-01 00:00:00.000 +0300,uk,22,false,5,168.63,2,85.56,0,0,0,177.96,33.7260000000000000,0,0.00000000000000000000,-44.31,2,3.6344647519582245,164.8581462140992167,383
2022-05-01 00:00:00.000 +0300,uk,23,false,3,212.94,0,0,1,68.73,17.10,11.04,70.9800000000000000,0,0.44313346228239845261,57.84,-1,3.6344647519582245,164.8581462140992167,383
2022-05-01 00:00:00.000 +0300,uk,24,false,4,155.10,1,49.05,0,0,38.40,59.70,38.7750000000000000,0,0.00000000000000000000,-83.79,1,3.6344647519582245,164.8581462140992167,383
2022-05-01 00:00:00.000 +0300,uk,25,false,3,238.89,0,0,1,64.86,93.84,38.10,79.6300000000000000,1,4.9930715935334873,225.90,2,3.6344647519582245,164.8581462140992167,383
2022-05-01 00:00:00.000 +0300,uk,26,false,1,12.99,1,12.99,0,0,0,0,12.9900000000000000,0,0.00000000000000000000,-12.18,-1,3.6344647519582245,164.8581462140992167,383
2022-05-01 00:00:00.000 +0300,uk,28,false,2,25.17,2,25.17,0,0,0,0,12.5850000000000000,0,0.00000000000000000000,-13.26,-1,3.6344647519582245,164.8581462140992167,383
2022-05-01 00:00:00.000 +0300,uk,29,false,3,41.37,3,41.37,0,0,0,0,13.7900000000000000,0,0.00000000000000000000,14.91,1,3.6344647519582245,164.8581462140992167,383
2022-05-01 00:00:00.000 +0300,uk,30,false,3,38.43,2,26.34,0,0,0,2.25,12.8100000000000000,0,0.00000000000000000000,-73.02,1,3.6344647519582245,164.8581462140992167,383
2022-05-01 00:00:00.000 +0300,uk,31,false,2,26.46,2,26.46,0,0,0,0,13.2300000000000000,0,0.00000000000000000000,-11.52,1,3.6344647519582245,164.8581462140992167,383
2022-05-01 00:00:00.000 +0300,uk,32,false,1,37.98,1,37.98,0,0,0,0,37.9800000000000000,0,0.00000000000000000000,8.49,-1,3.6344647519582245,164.8581462140992167,383
2022-05-01 00:00:00.000 +0300,uk,34,false,2,29.49,1,17.34,1,12.15,0,0,14.7450000000000000,1,0.80677290836653386454,14.43,1,3.6344647519582245,164.8581462140992167,383
2022-05-01 00:00:00.000 +0300,uk,36,false,1,15.06,1,15.06,0,0,0,0,15.0600000000000000,0,0.00000000000000000000,-0.45,0,3.6344647519582245,164.8581462140992167,383
2022-05-01 00:00:00.000 +0300,uk,43,false,1,15.51,1,15.51,0,0,0,0,15.5100000000000000,0,0.00000000000000000000,-8.55,0,3.6344647519582245,164.8581462140992167,383
2022-05-01 00:00:00.000 +0300,uk,44,false,1,24.06,1,24.06,0,0,0,0,24.0600000000000000,0,0.00000000000000000000,-294.63,-4,3.6344647519582245,164.8581462140992167,383
2022-06-01 00:00:00.000 +0300,en,16,false,1,41.88,0,0,0,0,0,49.29,41.8800000000000000,0,0.00000000000000000000,-34.02,0,3.6344647519582245,164.8581462140992167,383
2022-06-01 00:00:00.000 +0300,en,20,false,1,98.37,0,0,0,0,22.47,0,98.3700000000000000,0,0.00000000000000000000,64.86,0,3.6344647519582245,164.8581462140992167,383
2022-06-01 00:00:00.000 +0300,en,25,false,1,33.51,1,33.51,0,0,0,0,33.5100000000000000,0,0.00000000000000000000,-8.37,0,3.6344647519582245,164.8581462140992167,383
2022-06-01 00:00:00.000 +0300,ru,15,false,1,13.05,0,0,1,13.05,0,0,13.0500000000000000,1,0.44891640866873065015,-16.02,0,3.6344647519582245,164.8581462140992167,383
2022-06-01 00:00:00.000 +0300,ru,16,false,1,34.35,0,0,0,0,18.66,0,34.3500000000000000,0,0.00000000000000000000,21.30,0,3.6344647519582245,164.8581462140992167,383
2022-06-01 00:00:00.000 +0300,ru,17,true,1,18.54,0,0,1,18.54,0,0,18.5400000000000000,0,0.05019493177387914230,-350.82,-3,3.6344647519582245,164.8581462140992167,383
2022-06-01 00:00:00.000 +0300,ru,17,false,4,369.36,0,0,0,0,179.40,53.04,92.3400000000000000,0,0.00000000000000000000,335.01,3,3.6344647519582245,164.8581462140992167,383
2022-06-01 00:00:00.000 +0300,ru,18,false,5,266.22,2,37.74,1,113.76,51.72,0,53.2440000000000000,1,6.1359223300970874,247.68,4,3.6344647519582245,164.8581462140992167,383
2022-06-01 00:00:00.000 +0300,ru,19,false,3,65.37,1,13.89,0,0,1.38,3.33,21.7900000000000000,0,0.00000000000000000000,-200.85,-2,3.6344647519582245,164.8581462140992167,383
2022-06-01 00:00:00.000 +0300,ru,20,false,5,96.57,0,0,2,33.15,0.96,71.67,19.3140000000000000,0,0.50711335474988526847,31.20,2,3.6344647519582245,164.8581462140992167,383
2022-06-01 00:00:00.000 +0300,ru,21,false,1,41.52,0,0,0,0,19.35,0,41.5200000000000000,0,0.00000000000000000000,-55.05,-4,3.6344647519582245,164.8581462140992167,383
2022-06-01 00:00:00.000 +0300,ru,21,true,1,35.88,0,0,0,0,0,60.18,35.8800000000000000,0,0.00000000000000000000,-5.64,0,3.6344647519582245,164.8581462140992167,383
2022-06-01 00:00:00.000 +0300,ru,22,false,3,181.17,2,94.32,0,0,28.59,0,60.3900000000000000,0,0.00000000000000000000,145.29,2,3.6344647519582245,164.8581462140992167,383
2022-06-01 00:00:00.000 +0300,ru,23,false,4,154.05,0,0,2,26.28,32.73,14.04,38.5125000000000000,0,0.14505712866368604074,-27.12,1,3.6344647519582245,164.8581462140992167,383
2022-06-01 00:00:00.000 +0300,ru,24,false,4,264.39,1,67.71,0,0,125.61,47.58,66.0975000000000000,0,0.00000000000000000000,110.34,0,3.6344647519582245,164.8581462140992167,383
2022-06-01 00:00:00.000 +0300,ru,24,true,1,32.07,0,0,0,0,16.47,0,32.0700000000000000,0,0.00000000000000000000,-232.32,-3,3.6344647519582245,164.8581462140992167,383
2022-06-01 00:00:00.000 +0300,ru,25,false,3,151.53,1,56.13,1,63.45,0,10.77,50.5100000000000000,1,1.9784845650140318,119.46,2,3.6344647519582245,164.8581462140992167,383
2022-06-01 00:00:00.000 +0300,ru,26,false,1,14.76,1,14.76,0,0,0,0,14.7600000000000000,0,0.00000000000000000000,-136.77,-2,3.6344647519582245,164.8581462140992167,383
2022-06-01 00:00:00.000 +0300,ru,29,false,2,49.02,2,49.02,0,0,0,0,24.5100000000000000,0,0.00000000000000000000,34.26,1,3.6344647519582245,164.8581462140992167,383
2022-06-01 00:00:00.000 +0300,ru,30,false,1,14.49,0,0,1,14.49,0,0,14.4900000000000000,0,0.29559363525091799266,-34.53,-1,3.6344647519582245,164.8581462140992167,383
2022-06-01 00:00:00.000 +0300,ru,32,false,1,144.75,0,0,0,0,25.80,0,144.7500000000000000,0,0.00000000000000000000,130.26,0,3.6344647519582245,164.8581462140992167,383
2022-06-01 00:00:00.000 +0300,ru,34,false,1,29.07,0,0,0,0,0.75,0,29.0700000000000000,0,0.00000000000000000000,-66.99,0,3.6344647519582245,164.8581462140992167,383
2022-06-01 00:00:00.000 +0300,ru,37,false,1,52.83,1,52.83,0,0,0,0,52.8300000000000000,0,0.00000000000000000000,-91.92,0,3.6344647519582245,164.8581462140992167,383
2022-06-01 00:00:00.000 +0300,uk,14,false,1,36.06,0,0,0,0,0,12.24,36.0600000000000000,0,0.00000000000000000000,-10.14,0,3.6344647519582245,164.8581462140992167,383
2022-06-01 00:00:00.000 +0300,uk,14,true,1,46.20,0,0,0,0,0,19.53,46.2000000000000000,0,0.00000000000000000000,-115.44,-2,3.6344647519582245,164.8581462140992167,383
2022-06-01 00:00:00.000 +0300,uk,15,false,3,161.64,1,53.55,0,0,25.80,55.98,53.8800000000000000,0,0.00000000000000000000,90.33,2,3.6344647519582245,164.8581462140992167,383
2022-06-01 00:00:00.000 +0300,uk,15,true,1,71.31,0,0,1,71.31,0,0,71.3100000000000000,0,0.27397418165053019825,-188.97,-4,3.6344647519582245,164.8581462140992167,383
2022-06-01 00:00:00.000 +0300,uk,16,false,5,260.28,1,74.85,0,0,15.51,120.42,52.0560000000000000,0,0.00000000000000000000,246.72,4,3.6344647519582245,164.8581462140992167,383
2022-06-01 00:00:00.000 +0300,uk,16,true,1,13.56,1,13.56,0,0,0,0,13.5600000000000000,0,0.00000000000000000000,-20.55,0,3.6344647519582245,164.8581462140992167,383
2022-06-01 00:00:00.000 +0300,uk,17,false,1,34.11,0,0,0,0,2.01,0,34.1100000000000000,0,0.00000000000000000000,-31.65,-1,3.6344647519582245,164.8581462140992167,383
2022-06-01 00:00:00.000 +0300,uk,18,true,3,123.15,1,49.92,1,41.85,0.66,0,41.0500000000000000,0,0.31682943447649330002,-8.94,1,3.6344647519582245,164.8581462140992167,383
2022-06-01 00:00:00.000 +0300,uk,18,false,2,65.76,1,30.87,0,0,0,15.03,32.8800000000000000,0,0.00000000000000000000,-57.39,-1,3.6344647519582245,164.8581462140992167,383
2022-06-01 00:00:00.000 +0300,uk,19,false,2,132.09,0,0,0,0,6.21,50.40,66.0450000000000000,0,0.00000000000000000000,-79.41,-2,3.6344647519582245,164.8581462140992167,383
2022-06-01 00:00:00.000 +0300,uk,20,false,4,211.50,0,0,0,0,83.58,58.23,52.8750000000000000,0,0.00000000000000000000,188.67,3,3.6344647519582245,164.8581462140992167,383
2022-06-01 00:00:00.000 +0300,uk,20,true,1,22.83,0,0,0,0,0,3.57,22.8300000000000000,0,0.00000000000000000000,-204.39,-3,3.6344647519582245,164.8581462140992167,383
2022-06-01 00:00:00.000 +0300,uk,21,false,4,227.22,0,0,0,0,112.50,63.57,56.8050000000000000,0,0.00000000000000000000,207.09,3,3.6344647519582245,164.8581462140992167,383
2022-06-01 00:00:00.000 +0300,uk,21,true,1,20.13,0,0,0,0,7.77,0,20.1300000000000000,0,0.00000000000000000000,-152.76,-3,3.6344647519582245,164.8581462140992167,383
2022-06-01 00:00:00.000 +0300,uk,22,false,4,172.89,0,0,1,32.13,33.21,15.81,43.2225000000000000,0,0.19701986754966887417,9.81,1,3.6344647519582245,164.8581462140992167,383
2022-06-01 00:00:00.000 +0300,uk,23,false,3,163.08,1,51.24,0,0,14.34,46.71,54.3600000000000000,0,0.00000000000000000000,-281.13,-4,3.6344647519582245,164.8581462140992167,383
2022-06-01 00:00:00.000 +0300,uk,24,false,7,444.21,2,68.04,0,0,211.95,4.83,63.4585714285714286,0,0.00000000000000000000,174.99,2,3.6344647519582245,164.8581462140992167,383
2022-06-01 00:00:00.000 +0300,uk,25,false,5,269.22,3,88.35,1,63.39,0,38.49,53.8440000000000000,0,2.2056367432150313,240.48,3,3.6344647519582245,164.8581462140992167,383
2022-06-01 00:00:00.000 +0300,uk,26,false,2,28.74,1,14.7,1,14.04,0,0,14.3700000000000000,0,0.26788780767029192902,-23.67,0,3.6344647519582245,164.8581462140992167,383
2022-06-01 00:00:00.000 +0300,uk,28,false,2,52.41,1,35.34,0,0,4.89,0,26.2050000000000000,0,0.00000000000000000000,-23.28,0,3.6344647519582245,164.8581462140992167,383
2022-06-01 00:00:00.000 +0300,uk,29,false,2,75.69,0,0,1,46.53,13.92,0,37.8450000000000000,0,0.34666964684845775592,-58.53,-1,3.6344647519582245,164.8581462140992167,383
2022-06-01 00:00:00.000 +0300,uk,30,false,3,134.22,1,68.58,0,0,41.46,0,44.7400000000000000,0,0.00000000000000000000,72.75,1,3.6344647519582245,164.8581462140992167,383
2022-06-01 00:00:00.000 +0300,uk,31,false,2,61.47,0,0,0,0,35.01,0,30.7350000000000000,0,0.00000000000000000000,38.07,1,3.6344647519582245,164.8581462140992167,383
2022-06-01 00:00:00.000 +0300,uk,32,false,1,23.4,0,0,0,0,0,14.58,23.4000000000000000,0,0.00000000000000000000,7.02,0,3.6344647519582245,164.8581462140992167,383
2022-06-01 00:00:00.000 +0300,uk,38,false,1,36.78,0,0,0,0,0,11.55,36.7800000000000000,0,0.00000000000000000000,-4.59,-2,3.6344647519582245,164.8581462140992167,383
2022-06-01 00:00:00.000 +0300,uk,43,false,1,16.38,1,16.38,0,0,0,0,16.3800000000000000,0,0.00000000000000000000,-47.40,0,3.6344647519582245,164.8581462140992167,383
2022-06-01 00:00:00.000 +0300,uk,44,false,1,63.78,0,0,1,63.78,0,0,63.7800000000000000,1,1.7340946166394780,27.00,0,3.6344647519582245,164.8581462140992167,383
2022-07-01 00:00:00.000 +0300,en,16,false,1,166.38,0,0,0,0,124.50,0,166.3800000000000000,0,0.00000000000000000000,17.40,0,3.6344647519582245,164.8581462140992167,383
2022-07-01 00:00:00.000 +0300,en,20,false,1,56.04,0,0,0,0,0,42.33,56.0400000000000000,0,0.00000000000000000000,-42.33,0,3.6344647519582245,164.8581462140992167,383
2022-07-01 00:00:00.000 +0300,en,25,false,1,148.98,0,0,0,0,115.47,0,148.9800000000000000,0,0.00000000000000000000,92.94,0,3.6344647519582245,164.8581462140992167,383
2022-07-01 00:00:00.000 +0300,ru,15,false,2,132.30,1,61.41,0,0,0,62.25,66.1500000000000000,0,0.00000000000000000000,81.72,1,3.6344647519582245,164.8581462140992167,383
2022-07-01 00:00:00.000 +0300,ru,16,false,1,50.58,0,0,0,0,16.23,0,50.5800000000000000,0,0.00000000000000000000,-114.18,-4,3.6344647519582245,164.8581462140992167,383
2022-07-01 00:00:00.000 +0300,ru,17,false,5,164.76,1,12.87,1,41.01,0,203.25,32.9520000000000000,0,0.11009987113402061856,-207.72,-2,3.6344647519582245,164.8581462140992167,383
2022-07-01 00:00:00.000 +0300,ru,18,false,7,372.48,2,132.99,0,0,79.86,57.48,53.2114285714285714,0,0.00000000000000000000,295.23,4,3.6344647519582245,164.8581462140992167,383
2022-07-01 00:00:00.000 +0300,ru,19,false,3,77.25,1,12.15,1,38.07,0,9.81,25.7500000000000000,1,0.72061328790459965928,24.42,2,3.6344647519582245,164.8581462140992167,383
2022-07-01 00:00:00.000 +0300,ru,20,true,1,33.24,1,33.24,0,0,0,0,33.2400000000000000,0,0.00000000000000000000,-51.93,0,3.6344647519582245,164.8581462140992167,383
2022-07-01 00:00:00.000 +0300,ru,20,false,3,100.77,0,0,1,35.22,15.21,0,33.5900000000000000,1,1.0595667870036101,67.53,2,3.6344647519582245,164.8581462140992167,383
2022-07-01 00:00:00.000 +0300,ru,21,false,1,85.17,0,0,0,0,43.65,0,85.1700000000000000,0,0.00000000000000000000,28.83,0,3.6344647519582245,164.8581462140992167,383
2022-07-01 00:00:00.000 +0300,ru,21,true,1,56.34,0,0,0,0,20.46,0,56.3400000000000000,0,0.00000000000000000000,-212.61,-4,3.6344647519582245,164.8581462140992167,383
2022-07-01 00:00:00.000 +0300,ru,22,false,5,268.95,1,13.08,1,49.23,78.15,28.44,53.7900000000000000,0,0.56860706860706860707,182.37,3,3.6344647519582245,164.8581462140992167,383
2022-07-01 00:00:00.000 +0300,ru,23,false,2,86.58,0,0,1,65.79,0,75.54,43.2900000000000000,0,0.21426477772349780166,-220.47,-3,3.6344647519582245,164.8581462140992167,383
2022-07-01 00:00:00.000 +0300,ru,24,true,1,55.89,0,0,0,0,23.82,0,55.8900000000000000,0,0.00000000000000000000,-41.88,-2,3.6344647519582245,164.8581462140992167,383
2022-07-01 00:00:00.000 +0300,ru,24,false,5,307.05,1,12.51,0,0,72.27,42.12,61.4100000000000000,0,0.00000000000000000000,251.16,4,3.6344647519582245,164.8581462140992167,383
2022-07-01 00:00:00.000 +0300,ru,25,false,3,97.77,1,13.92,0,0,35.61,39.84,32.5900000000000000,0,0.00000000000000000000,83.34,2,3.6344647519582245,164.8581462140992167,383
2022-07-01 00:00:00.000 +0300,ru,26,true,1,14.13,1,14.13,0,0,0,0,14.1300000000000000,0,0.00000000000000000000,-86.64,-2,3.6344647519582245,164.8581462140992167,383
2022-07-01 00:00:00.000 +0300,ru,26,false,1,14.43,0,0,0,0,0,0.33,14.4300000000000000,0,0.00000000000000000000,-117.87,-1,3.6344647519582245,164.8581462140992167,383
2022-07-01 00:00:00.000 +0300,ru,27,false,1,21.87,0,0,0,0,0,0.99,21.8700000000000000,0,0.00000000000000000000,-0.33,0,3.6344647519582245,164.8581462140992167,383
2022-07-01 00:00:00.000 +0300,ru,29,false,1,22.2,0,0,0,0,4.98,0,22.2000000000000000,0,0.00000000000000000000,-66.84,0,3.6344647519582245,164.8581462140992167,383
2022-07-01 00:00:00.000 +0300,ru,32,false,1,89.04,0,0,0,0,0,55.71,89.0400000000000000,0,0.00000000000000000000,48.36,-1,3.6344647519582245,164.8581462140992167,383
2022-07-01 00:00:00.000 +0300,ru,34,false,2,40.68,1,15.45,0,0,0,3.84,20.3400000000000000,0,0.00000000000000000000,-85.35,0,3.6344647519582245,164.8581462140992167,383
2022-07-01 00:00:00.000 +0300,ru,37,false,2,126.03,1,39.12,0,0,34.08,0,63.0150000000000000,0,0.00000000000000000000,111.90,1,3.6344647519582245,164.8581462140992167,383
2022-07-01 00:00:00.000 +0300,uk,14,true,1,12.9,0,0,0,0,0,33.30,12.9000000000000000,0,0.00000000000000000000,-116.76,-1,3.6344647519582245,164.8581462140992167,383
2022-07-01 00:00:00.000 +0300,uk,14,false,2,129.66,0,0,2,129.66,0,0,64.8300000000000000,0,0.37130584192439862543,-219.54,-4,3.6344647519582245,164.8581462140992167,383
2022-07-01 00:00:00.000 +0300,uk,15,false,3,158.61,0,0,0,0,22.50,25.53,52.8700000000000000,0,0.00000000000000000000,145.71,2,3.6344647519582245,164.8581462140992167,383
2022-07-01 00:00:00.000 +0300,uk,16,false,7,417.60,3,155.85,1,96.51,77.28,42.45,59.6571428571428571,0,0.60847361452619633062,258.99,4,3.6344647519582245,164.8581462140992167,383
2022-07-01 00:00:00.000 +0300,uk,17,false,1,40.23,0,0,0,0,6.12,0,40.2300000000000000,0,0.00000000000000000000,-377.37,-6,3.6344647519582245,164.8581462140992167,383
2022-07-01 00:00:00.000 +0300,uk,18,true,2,179.04,0,0,0,0,97.74,0,89.5200000000000000,0,0.00000000000000000000,-3.81,-2,3.6344647519582245,164.8581462140992167,383
2022-07-01 00:00:00.000 +0300,uk,18,false,4,182.85,2,39.57,1,94.50,13.89,0,45.7125000000000000,1,2.3489932885906040,142.62,3,3.6344647519582245,164.8581462140992167,383
2022-07-01 00:00:00.000 +0300,uk,19,false,7,427.23,5,223.95,0,0,89.88,18.69,61.0328571428571429,0,0.00000000000000000000,248.19,5,3.6344647519582245,164.8581462140992167,383
2022-07-01 00:00:00.000 +0300,uk,19,true,1,26.79,1,26.79,0,0,0,0,26.7900000000000000,0,0.00000000000000000000,-400.44,-6,3.6344647519582245,164.8581462140992167,383
2022-07-01 00:00:00.000 +0300,uk,20,true,1,89.28,0,0,0,0,66.45,0,89.2800000000000000,0,0.00000000000000000000,-340.56,-8,3.6344647519582245,164.8581462140992167,383
2022-07-01 00:00:00.000 +0300,uk,20,false,9,429.84,3,199.44,2,48.18,77.43,106.71,47.7600000000000000,2,1.7984322508398656,403.05,8,3.6344647519582245,164.8581462140992167,383
2022-07-01 00:00:00.000 +0300,uk,21,false,6,349.20,1,31.59,2,83.55,143.16,63.84,58.2000000000000000,2,2.3169717138103161,313.14,5,3.6344647519582245,164.8581462140992167,383
2022-07-01 00:00:00.000 +0300,uk,21,true,1,15.78,0,0,0,0,0,4.35,15.7800000000000000,0,0.00000000000000000000,-238.14,-3,3.6344647519582245,164.8581462140992167,383
2022-07-01 00:00:00.000 +0300,uk,22,false,4,253.92,0,0,1,71.58,97.68,1.53,63.4800000000000000,0,0.22041570438799076212,-70.83,-1,3.6344647519582245,164.8581462140992167,383
2022-07-01 00:00:00.000 +0300,uk,23,false,5,324.75,2,59.07,2,158.61,55.83,0,64.9500000000000000,0,0.41016291698991466253,-61.95,-2,3.6344647519582245,164.8581462140992167,383
2022-07-01 00:00:00.000 +0300,uk,24,false,7,386.70,0,0,1,109.26,65.67,141.39,55.2428571428571429,0,0.60168511481909796795,205.11,2,3.6344647519582245,164.8581462140992167,383
2022-07-01 00:00:00.000 +0300,uk,25,false,5,181.59,2,49.08,0,0,36.12,48.33,36.3180000000000000,0,0.00000000000000000000,131.46,3,3.6344647519582245,164.8581462140992167,383
2022-07-01 00:00:00.000 +0300,uk,26,false,2,50.13,1,16.38,0,0,19.05,0,25.0650000000000000,0,0.00000000000000000000,3.12,1,3.6344647519582245,164.8581462140992167,383
2022-07-01 00:00:00.000 +0300,uk,27,false,1,47.01,1,47.01,0,0,0,0,47.0100000000000000,0,0.00000000000000000000,-52.29,-4,3.6344647519582245,164.8581462140992167,383
2022-07-01 00:00:00.000 +0300,uk,28,false,5,99.30,1,14.64,1,21.39,17.34,19.47,19.8600000000000000,0,0.45617402431222008957,52.41,2,3.6344647519582245,164.8581462140992167,383
2022-07-01 00:00:00.000 +0300,uk,29,false,3,46.89,2,26.91,1,19.98,0,0,15.6300000000000000,0,0.21588330632090761750,-45.66,-2,3.6344647519582245,164.8581462140992167,383
2022-07-01 00:00:00.000 +0300,uk,30,false,5,92.55,3,49.23,2,43.32,0,0,18.5100000000000000,1,0.57667731629392971246,17.43,3,3.6344647519582245,164.8581462140992167,383
2022-07-01 00:00:00.000 +0300,uk,31,false,2,75.12,0,0,1,22.35,4.56,0,37.5600000000000000,1,1.5173116089613035,60.39,1,3.6344647519582245,164.8581462140992167,383
2022-07-01 00:00:00.000 +0300,uk,32,false,1,14.73,0,0,0,0,0,8.67,14.7300000000000000,0,0.00000000000000000000,1.17,0,3.6344647519582245,164.8581462140992167,383
2022-07-01 00:00:00.000 +0300,uk,34,false,1,13.56,0,0,1,13.56,0,0,13.5600000000000000,1,0.93970893970893970894,-0.87,0,3.6344647519582245,164.8581462140992167,383
2022-07-01 00:00:00.000 +0300,uk,36,false,1,14.43,1,14.43,0,0,0,0,14.4300000000000000,0,0.00000000000000000000,-2.73,0,3.6344647519582245,164.8581462140992167,383
2022-07-01 00:00:00.000 +0300,uk,37,false,1,17.16,1,17.16,0,0,0,0,17.1600000000000000,0,0.00000000000000000000,-59.79,-2,3.6344647519582245,164.8581462140992167,383
2022-07-01 00:00:00.000 +0300,uk,38,false,3,76.95,2,45.69,0,0,0,5.52,25.6500000000000000,0,0.00000000000000000000,62.70,2,3.6344647519582245,164.8581462140992167,383
2022-07-01 00:00:00.000 +0300,uk,40,false,1,14.25,1,14.25,0,0,0,0,14.2500000000000000,0,0.00000000000000000000,-20.34,0,3.6344647519582245,164.8581462140992167,383
2022-07-01 00:00:00.000 +0300,uk,43,false,1,34.59,0,0,1,34.59,0,0,34.5900000000000000,1,0.38743279569892473118,-54.69,0,3.6344647519582245,164.8581462140992167,383
2022-08-01 00:00:00.000 +0300,en,16,false,1,205.05,0,0,0,0,38.67,0,205.0500000000000000,0,0.00000000000000000000,38.67,0,3.6344647519582245,164.8581462140992167,383
2022-08-01 00:00:00.000 +0300,en,20,false,1,58.02,0,0,0,0,1.98,0,58.0200000000000000,0,0.00000000000000000000,-147.03,0,3.6344647519582245,164.8581462140992167,383
2022-08-01 00:00:00.000 +0300,en,25,false,1,78.39,0,0,0,0,0,70.59,78.3900000000000000,0,0.00000000000000000000,65.46,0,3.6344647519582245,164.8581462140992167,383
2022-08-01 00:00:00.000 +0300,en,31,false,1,12.93,1,12.93,0,0,0,0,12.9300000000000000,0,0.00000000000000000000,-45.09,0,3.6344647519582245,164.8581462140992167,383
2022-08-01 00:00:00.000 +0300,ru,14,false,1,19.8,1,19.8,0,0,0,0,19.8000000000000000,0,0.00000000000000000000,-105.75,-2,3.6344647519582245,164.8581462140992167,383
2022-08-01 00:00:00.000 +0300,ru,15,false,3,125.55,0,0,1,18.3,3.42,28.47,41.8500000000000000,1,0.18850432632880098888,28.47,2,3.6344647519582245,164.8581462140992167,383
2022-08-01 00:00:00.000 +0300,ru,16,false,1,97.08,0,0,0,0,46.50,0,97.0800000000000000,0,0.00000000000000000000,-161.85,-2,3.6344647519582245,164.8581462140992167,383
2022-08-01 00:00:00.000 +0300,ru,17,false,3,258.93,0,0,0,0,148.05,0,86.3100000000000000,0,0.00000000000000000000,-21.84,-3,3.6344647519582245,164.8581462140992167,383
2022-08-01 00:00:00.000 +0300,ru,18,false,6,280.77,0,0,3,132.27,8.28,124.17,46.7950000000000000,1,1.3389006984512602,181.98,3,3.6344647519582245,164.8581462140992167,383
2022-08-01 00:00:00.000 +0300,ru,19,false,3,98.79,2,57.48,0,0,14.28,0,32.9300000000000000,0,0.00000000000000000000,-2.61,0,3.6344647519582245,164.8581462140992167,383
2022-08-01 00:00:00.000 +0300,ru,20,true,2,80.07,0,0,1,42.84,3.99,0,40.0350000000000000,1,2.4620689655172414,62.67,1,3.6344647519582245,164.8581462140992167,383
2022-08-01 00:00:00.000 +0300,ru,20,false,3,101.40,1,39.30,1,14.19,7.20,0,33.8000000000000000,0,0.17721993255901086549,21.33,1,3.6344647519582245,164.8581462140992167,383
2022-08-01 00:00:00.000 +0300,ru,21,true,1,12.6,0,0,0,0,0,43.74,12.6000000000000000,0,0.00000000000000000000,-143.91,-2,3.6344647519582245,164.8581462140992167,383
2022-08-01 00:00:00.000 +0300,ru,21,false,1,17.4,0,0,0,0,0,67.77,17.4000000000000000,0,0.00000000000000000000,4.8,0,3.6344647519582245,164.8581462140992167,383
2022-08-01 00:00:00.000 +0300,ru,22,false,3,156.51,0,0,1,29.52,0,54.81,52.1700000000000000,0,0.11312945504713727294,-104.43,-1,3.6344647519582245,164.8581462140992167,383
2022-08-01 00:00:00.000 +0300,ru,23,false,4,260.94,1,89.04,1,48.18,89.04,0,65.2350000000000000,0,0.33563218390804597701,117.39,0,3.6344647519582245,164.8581462140992167,383
2022-08-01 00:00:00.000 +0300,ru,24,true,1,36.27,0,0,0,0,0,19.62,36.2700000000000000,0,0.00000000000000000000,-58.32,-1,3.6344647519582245,164.8581462140992167,383
2022-08-01 00:00:00.000 +0300,ru,24,false,4,143.55,0,0,1,36.57,29.52,164.31,35.8875000000000000,1,1.00827129859387923904,107.28,3,3.6344647519582245,164.8581462140992167,383
2022-08-01 00:00:00.000 +0300,ru,25,false,2,94.59,0,0,0,0,10.74,0,47.2950000000000000,0,0.00000000000000000000,35.19,1,3.6344647519582245,164.8581462140992167,383
2022-08-01 00:00:00.000 +0300,ru,26,false,1,59.40,0,0,1,59.40,0,0,59.4000000000000000,1,2.5714285714285714,36.30,0,3.6344647519582245,164.8581462140992167,383
2022-08-01 00:00:00.000 +0300,ru,26,true,1,40.83,0,0,0,0,26.70,0,40.8300000000000000,0,0.00000000000000000000,-51.06,-2,3.6344647519582245,164.8581462140992167,383
2022-08-01 00:00:00.000 +0300,ru,27,false,2,64.47,1,47.13,1,17.34,0,0,32.2350000000000000,1,0.42468772961058045555,23.64,1,3.6344647519582245,164.8581462140992167,383
2022-08-01 00:00:00.000 +0300,ru,29,false,1,23.1,0,0,1,23.1,0,0,23.1000000000000000,1,1.7149220489977728,9.63,0,3.6344647519582245,164.8581462140992167,383
2022-08-01 00:00:00.000 +0300,ru,31,false,1,53.28,0,0,0,0,28.92,0,53.2800000000000000,0,0.00000000000000000000,33.48,0,3.6344647519582245,164.8581462140992167,383
2022-08-01 00:00:00.000 +0300,ru,32,false,1,104.70,0,0,0,0,15.66,0,104.7000000000000000,0,0.00000000000000000000,51.42,0,3.6344647519582245,164.8581462140992167,383
2022-08-01 00:00:00.000 +0300,ru,33,false,2,56.22,2,56.22,0,0,0,0,28.1100000000000000,0,0.00000000000000000000,-48.48,1,3.6344647519582245,164.8581462140992167,383
2022-08-01 00:00:00.000 +0300,ru,34,false,3,91.89,1,59.34,0,0,0,8.13,30.6300000000000000,0,0.00000000000000000000,70.02,2,3.6344647519582245,164.8581462140992167,383
2022-08-01 00:00:00.000 +0300,ru,35,false,1,15.84,1,15.84,0,0,0,0,15.8400000000000000,0,0.00000000000000000000,-48.63,-1,3.6344647519582245,164.8581462140992167,383
2022-08-01 00:00:00.000 +0300,ru,37,false,1,42.87,0,0,0,0,0,44.04,42.8700000000000000,0,0.00000000000000000000,27.03,0,3.6344647519582245,164.8581462140992167,383
2022-08-01 00:00:00.000 +0300,ru,43,false,1,13.47,0,0,1,13.47,0,0,13.4700000000000000,1,0.31420573827851644507,-29.40,0,3.6344647519582245,164.8581462140992167,383
2022-08-01 00:00:00.000 +0300,uk,14,false,1,68.43,1,68.43,0,0,0,0,68.4300000000000000,0,0.00000000000000000000,52.38,0,3.6344647519582245,164.8581462140992167,383
2022-08-01 00:00:00.000 +0300,uk,14,true,1,35.79,0,0,1,35.79,0,0,35.7900000000000000,1,0.52301622095572117492,-32.64,0,3.6344647519582245,164.8581462140992167,383
2022-08-01 00:00:00.000 +0300,uk,15,false,4,269.85,1,115.14,0,0,29.97,33.87,67.4625000000000000,0,0.00000000000000000000,234.06,3,3.6344647519582245,164.8581462140992167,383
2022-08-01 00:00:00.000 +0300,uk,16,false,11,499.59,3,80.82,1,77.82,103.05,140.43,45.4172727272727273,0,0.28838243468593663146,229.74,7,3.6344647519582245,164.8581462140992167,383
2022-08-01 00:00:00.000 +0300,uk,17,true,1,16.05,1,16.05,0,0,0,0,16.0500000000000000,0,0.00000000000000000000,0.27,0,3.6344647519582245,164.8581462140992167,383
2022-08-01 00:00:00.000 +0300,uk,17,false,4,132.36,3,91.62,0,0,0.51,0,33.0900000000000000,0,0.00000000000000000000,-367.23,-7,3.6344647519582245,164.8581462140992167,383
2022-08-01 00:00:00.000 +0300,uk,18,false,5,181.05,3,89.43,0,0,51.39,30.36,36.2100000000000000,0,0.00000000000000000000,48.69,1,3.6344647519582245,164.8581462140992167,383
2022-08-01 00:00:00.000 +0300,uk,18,true,4,185.55,2,69.66,0,0,0,63.15,46.3875000000000000,0,0.00000000000000000000,4.50,-1,3.6344647519582245,164.8581462140992167,383
2022-08-01 00:00:00.000 +0300,uk,19,false,7,548.76,1,16.41,0,0,246.00,127.17,78.3942857142857143,0,0.00000000000000000000,363.21,3,3.6344647519582245,164.8581462140992167,383
2022-08-01 00:00:00.000 +0300,uk,19,true,1,25.83,1,25.83,0,0,0,0,25.8300000000000000,0,0.00000000000000000000,-522.93,-6,3.6344647519582245,164.8581462140992167,383
2022-08-01 00:00:00.000 +0300,uk,20,true,1,16.56,0,0,0,0,0,72.72,16.5600000000000000,0,0.00000000000000000000,-456.51,-9,3.6344647519582245,164.8581462140992167,383
2022-08-01 00:00:00.000 +0300,uk,20,false,10,473.07,4,161.37,1,13.47,107.16,76.80,47.3070000000000000,1,0.52148664343786295006,447.24,9,3.6344647519582245,164.8581462140992167,383
2022-08-01 00:00:00.000 +0300,uk,21,false,5,296.43,1,43.62,1,58.50,76.14,54.12,59.2860000000000000,1,3.5326086956521739,279.87,4,3.6344647519582245,164.8581462140992167,383
2022-08-01 00:00:00.000 +0300,uk,21,true,1,17.16,0,0,0,0,1.38,0,17.1600000000000000,0,0.00000000000000000000,-279.27,-4,3.6344647519582245,164.8581462140992167,383
2022-08-01 00:00:00.000 +0300,uk,22,false,4,222.99,1,59.88,1,15.42,2.07,21.69,55.7475000000000000,1,0.89860139860139860140,205.83,3,3.6344647519582245,164.8581462140992167,383
2022-08-01 00:00:00.000 +0300,uk,23,false,3,162.33,0,0,0,0,73.08,76.89,54.1100000000000000,0,0.00000000000000000000,-60.66,-1,3.6344647519582245,164.8581462140992167,383
2022-08-01 00:00:00.000 +0300,uk,24,false,7,523.44,1,324.15,0,0,62.94,141.09,74.7771428571428571,0,0.00000000000000000000,361.11,4,3.6344647519582245,164.8581462140992167,383
2022-08-01 00:00:00.000 +0300,uk,25,false,7,406.95,2,84.03,2,70.95,141.33,21.87,58.1357142857142857,0,0.13554562127464465841,-116.49,0,3.6344647519582245,164.8581462140992167,383
2022-08-01 00:00:00.000 +0300,uk,26,false,2,40.95,0,0,1,14.64,0,7.44,20.4750000000000000,0,0.03597493549576115002,-366.00,-5,3.6344647519582245,164.8581462140992167,383
2022-08-01 00:00:00.000 +0300,uk,27,false,1,41.94,0,0,0,0,0,5.07,41.9400000000000000,0,0.00000000000000000000,0.99,-1,3.6344647519582245,164.8581462140992167,383
2022-08-01 00:00:00.000 +0300,uk,28,false,6,162.78,2,44.04,2,32.43,42.33,0,27.1300000000000000,2,0.77324749642346208870,120.84,5,3.6344647519582245,164.8581462140992167,383
2022-08-01 00:00:00.000 +0300,uk,29,false,1,13.59,0,0,0,0,0,32.94,13.5900000000000000,0,0.00000000000000000000,-149.19,-5,3.6344647519582245,164.8581462140992167,383
2022-08-01 00:00:00.000 +0300,uk,30,false,4,59.88,1,13.29,3,46.59,0,0,14.9700000000000000,3,3.4282560706401766,46.29,3,3.6344647519582245,164.8581462140992167,383
2022-08-01 00:00:00.000 +0300,uk,31,false,2,71.04,1,30.21,0,0,0,11.94,35.5200000000000000,0,0.00000000000000000000,11.16,-2,3.6344647519582245,164.8581462140992167,383
2022-08-01 00:00:00.000 +0300,uk,32,false,6,219.15,5,193.02,0,0,11.40,0,36.5250000000000000,0,0.00000000000000000000,148.11,4,3.6344647519582245,164.8581462140992167,383
2022-08-01 00:00:00.000 +0300,uk,33,false,1,13.98,1,13.98,0,0,0,0,13.9800000000000000,0,0.00000000000000000000,-205.17,-5,3.6344647519582245,164.8581462140992167,383
2022-08-01 00:00:00.000 +0300,uk,34,false,1,12.18,1,12.18,0,0,0,0,12.1800000000000000,0,0.00000000000000000000,-1.80,0,3.6344647519582245,164.8581462140992167,383
2022-08-01 00:00:00.000 +0300,uk,36,false,1,26.31,0,0,1,26.31,0,0,26.3100000000000000,1,2.1600985221674877,14.13,0,3.6344647519582245,164.8581462140992167,383
2022-08-01 00:00:00.000 +0300,uk,37,false,1,39.48,0,0,1,39.48,0,0,39.4800000000000000,1,1.5005701254275941,13.17,0,3.6344647519582245,164.8581462140992167,383
2022-08-01 00:00:00.000 +0300,uk,38,false,2,87.84,0,0,0,0,38.10,12.66,43.9200000000000000,0,0.00000000000000000000,48.36,1,3.6344647519582245,164.8581462140992167,383
2022-08-01 00:00:00.000 +0300,uk,41,false,1,13.74,1,13.74,0,0,0,0,13.7400000000000000,0,0.00000000000000000000,-74.10,-1,3.6344647519582245,164.8581462140992167,383
2022-08-01 00:00:00.000 +0300,uk,42,false,1,14.73,1,14.73,0,0,0,0,14.7300000000000000,0,0.00000000000000000000,0.99,0,3.6344647519582245,164.8581462140992167,383
2022-08-01 00:00:00.000 +0300,uk,44,false,1,12.45,1,12.45,0,0,0,0,12.4500000000000000,0,0.00000000000000000000,-2.28,0,3.6344647519582245,164.8581462140992167,383
2022-09-01 00:00:00.000 +0300,en,16,false,1,252.66,0,0,0,0,47.61,0,252.6600000000000000,0,0.00000000000000000000,174.27,0,3.6344647519582245,164.8581462140992167,383
2022-09-01 00:00:00.000 +0300,en,20,false,1,35.67,0,0,1,35.67,0,0,35.6700000000000000,1,1.0625558534405719,2.10,0,3.6344647519582245,164.8581462140992167,383
2022-09-01 00:00:00.000 +0300,en,25,false,1,70.14,0,0,0,0,0,8.25,70.1400000000000000,0,0.00000000000000000000,-182.52,0,3.6344647519582245,164.8581462140992167,383
2022-09-01 00:00:00.000 +0300,en,28,false,1,18.33,1,18.33,0,0,0,0,18.3300000000000000,0,0.00000000000000000000,-51.81,0,3.6344647519582245,164.8581462140992167,383
2022-09-01 00:00:00.000 +0300,en,35,false,1,33.57,1,33.57,0,0,0,0,33.5700000000000000,0,0.00000000000000000000,15.24,0,3.6344647519582245,164.8581462140992167,383
2022-09-01 00:00:00.000 +0300,ru,14,false,1,49.50,0,0,0,0,29.70,0,49.5000000000000000,0,0.00000000000000000000,-24.87,-2,3.6344647519582245,164.8581462140992167,383
2022-09-01 00:00:00.000 +0300,ru,15,false,3,74.37,1,35.28,0,0,0,68.16,24.7900000000000000,0,0.00000000000000000000,55.65,2,3.6344647519582245,164.8581462140992167,383
2022-09-01 00:00:00.000 +0300,ru,16,false,1,18.72,0,0,1,18.72,0,0,18.7200000000000000,0,0.14354727398205659075,-111.69,-3,3.6344647519582245,164.8581462140992167,383
2022-09-01 00:00:00.000 +0300,ru,17,false,4,130.41,0,0,0,0,0,169.53,32.6025000000000000,0,0.00000000000000000000,-25.89,-1,3.6344647519582245,164.8581462140992167,383
2022-09-01 00:00:00.000 +0300,ru,18,false,5,156.30,1,14.04,1,21.51,47.43,75.18,31.2600000000000000,0,0.19719471947194719472,47.22,2,3.6344647519582245,164.8581462140992167,383
2022-09-01 00:00:00.000 +0300,ru,19,false,3,109.08,0,0,1,50.91,0,22.50,36.3600000000000000,0,0.76132794975325257963,42.21,1,3.6344647519582245,164.8581462140992167,383
2022-09-01 00:00:00.000 +0300,ru,20,true,1,79.08,0,0,0,0,41.85,0,79.0800000000000000,0,0.00000000000000000000,25.56,0,3.6344647519582245,164.8581462140992167,383
2022-09-01 00:00:00.000 +0300,ru,20,false,2,66.87,0,0,1,23.34,8.31,0,33.4350000000000000,1,0.29514415781487101669,-12.21,1,3.6344647519582245,164.8581462140992167,383
2022-09-01 00:00:00.000 +0300,ru,21,true,1,32.70,0,0,0,0,20.10,0,32.7000000000000000,0,0.00000000000000000000,-62.88,-2,3.6344647519582245,164.8581462140992167,383
2022-09-01 00:00:00.000 +0300,ru,21,false,1,53.52,0,0,0,0,36.12,0,53.5200000000000000,0,0.00000000000000000000,20.82,0,3.6344647519582245,164.8581462140992167,383
2022-09-01 00:00:00.000 +0300,ru,22,false,3,95.58,0,0,1,13.8,0,45.21,31.8600000000000000,0,0.07539747582363546960,-87.45,-1,3.6344647519582245,164.8581462140992167,383
2022-09-01 00:00:00.000 +0300,ru,23,false,4,183.03,0,0,2,103.56,0,74.37,45.7575000000000000,0,0.61852714567281849131,15.60,0,3.6344647519582245,164.8581462140992167,383
2022-09-01 00:00:00.000 +0300,ru,24,false,4,167.43,1,43.83,1,44.04,20.70,30.66,41.8575000000000000,1,2.1061692969870875,146.52,3,3.6344647519582245,164.8581462140992167,383
2022-09-01 00:00:00.000 +0300,ru,24,true,1,20.91,0,0,0,0,0,15.36,20.9100000000000000,0,0.00000000000000000000,-128.37,-3,3.6344647519582245,164.8581462140992167,383
2022-09-01 00:00:00.000 +0300,ru,25,false,4,149.28,1,28.32,0,0,0,37.08,37.3200000000000000,0,0.00000000000000000000,59.19,3,3.6344647519582245,164.8581462140992167,383
2022-09-01 00:00:00.000 +0300,ru,26,true,1,90.09,0,0,0,0,49.26,0,90.0900000000000000,0,0.00000000000000000000,33.87,-1,3.6344647519582245,164.8581462140992167,383
2022-09-01 00:00:00.000 +0300,ru,27,false,2,47.37,1,15.33,1,32.04,0,0,23.6850000000000000,1,0.71677852348993288591,2.67,1,3.6344647519582245,164.8581462140992167,383
2022-09-01 00:00:00.000 +0300,ru,31,false,1,44.70,0,0,0,0,0,8.58,44.7000000000000000,0,0.00000000000000000000,-46.17,0,3.6344647519582245,164.8581462140992167,383
2022-09-01 00:00:00.000 +0300,ru,32,false,1,90.87,0,0,0,0,0,13.83,90.8700000000000000,0,0.00000000000000000000,47.58,0,3.6344647519582245,164.8581462140992167,383
2022-09-01 00:00:00.000 +0300,ru,33,false,1,43.29,1,43.29,0,0,0,0,43.2900000000000000,0,0.00000000000000000000,-55.32,-1,3.6344647519582245,164.8581462140992167,383
2022-09-01 00:00:00.000 +0300,ru,34,false,2,98.61,0,0,0,0,66.06,0,49.3050000000000000,0,0.00000000000000000000,81.63,1,3.6344647519582245,164.8581462140992167,383
2022-09-01 00:00:00.000 +0300,ru,37,false,1,16.98,0,0,1,16.98,0,0,16.9800000000000000,1,0.34303030303030303030,-32.52,0,3.6344647519582245,164.8581462140992167,383
2022-09-01 00:00:00.000 +0300,uk,14,false,2,87.60,0,0,0,0,0,56.19,43.8000000000000000,0,0.00000000000000000000,-133.95,-3,3.6344647519582245,164.8581462140992167,383
2022-09-01 00:00:00.000 +0300,uk,15,false,5,221.55,1,42.54,0,0,5.94,96.78,44.3100000000000000,0,0.00000000000000000000,-421.32,-6,3.6344647519582245,164.8581462140992167,383
2022-09-01 00:00:00.000 +0300,uk,16,false,11,642.87,2,156.87,0,0,146.70,110.25,58.4427272727272727,0,0.00000000000000000000,523.14,8,3.6344647519582245,164.8581462140992167,383
2022-09-01 00:00:00.000 +0300,uk,17,false,3,119.73,0,0,1,55.17,10.68,0,39.9100000000000000,0,0.22132627271633168853,-129.54,-3,3.6344647519582245,164.8581462140992167,383
2022-09-01 00:00:00.000 +0300,uk,18,true,6,351.42,2,50.79,1,103.62,56.43,2.46,58.5700000000000000,0,0.28435004527866963036,-12.99,-3,3.6344647519582245,164.8581462140992167,383
2022-09-01 00:00:00.000 +0300,uk,18,false,6,249.27,1,13.2,1,19.56,91.56,76.95,41.5450000000000000,0,0.05565989414375960389,-102.15,0,3.6344647519582245,164.8581462140992167,383
2022-09-01 00:00:00.000 +0300,uk,19,false,9,364.41,2,104.07,4,129.57,19.68,146.31,40.4900000000000000,0,0.23143285821455363841,-195.45,-4,3.6344647519582245,164.8581462140992167,383
2022-09-01 00:00:00.000 +0300,uk,20,true,1,18.24,0,0,1,18.24,0,0,18.2400000000000000,0,0.04252640414072882423,-410.67,-6,3.6344647519582245,164.8581462140992167,383
2022-09-01 00:00:00.000 +0300,uk,20,false,13,559.86,2,47.91,2,58.86,69.96,89.04,43.0661538461538462,2,3.2269736842105263,541.62,12,3.6344647519582245,164.8581462140992167,383
2022-09-01 00:00:00.000 +0300,uk,21,false,7,428.91,2,169.38,2,121.35,0,24.18,61.2728571428571429,2,6.1474164133738602,409.17,6,3.6344647519582245,164.8581462140992167,383
2022-09-01 00:00:00.000 +0300,uk,21,true,1,19.74,0,0,1,19.74,0,0,19.7400000000000000,0,0.05274971941638608305,-354.48,-4,3.6344647519582245,164.8581462140992167,383
2022-09-01 00:00:00.000 +0300,uk,22,false,5,374.22,3,201.36,0,0,45.03,19.86,74.8440000000000000,0,0.00000000000000000000,186.60,-2,3.6344647519582245,164.8581462140992167,383
2022-09-01 00:00:00.000 +0300,uk,23,false,7,187.62,2,30.33,0,0,15.90,127.77,26.8028571428571429,0,0.00000000000000000000,-191.43,0,3.6344647519582245,164.8581462140992167,383
2022-09-01 00:00:00.000 +0300,uk,24,false,7,379.05,0,0,1,50.19,9.87,146.22,54.1500000000000000,0,0.07984155769781425981,-249.57,-3,3.6344647519582245,164.8581462140992167,383
2022-09-01 00:00:00.000 +0300,uk,25,true,1,18.12,1,18.12,0,0,0,0,18.1200000000000000,0,0.00000000000000000000,-46.83,0,3.6344647519582245,164.8581462140992167,383
2022-09-01 00:00:00.000 +0300,uk,25,false,10,628.62,5,211.47,1,79.17,179.64,87.03,62.8620000000000000,1,4.3692052980132450,610.50,9,3.6344647519582245,164.8581462140992167,383
2022-09-01 00:00:00.000 +0300,uk,26,false,2,57.15,0,0,1,26.64,4.20,0,28.5750000000000000,1,2.1397590361445783,44.70,1,3.6344647519582245,164.8581462140992167,383
2022-09-01 00:00:00.000 +0300,uk,27,false,1,64.95,0,0,1,64.95,0,0,64.9500000000000000,0,0.44030913158429936953,-82.56,-3,3.6344647519582245,164.8581462140992167,383
2022-09-01 00:00:00.000 +0300,uk,28,false,4,147.51,0,0,2,90.51,8.01,0,36.8775000000000000,0,1.2513479883865616,75.18,1,3.6344647519582245,164.8581462140992167,383
2022-09-01 00:00:00.000 +0300,uk,29,false,3,72.33,1,15.72,1,15.06,27.96,0,24.1100000000000000,0,0.10170178282009724473,-75.75,-3,3.6344647519582245,164.8581462140992167,383
2022-09-01 00:00:00.000 +0300,uk,30,false,6,148.08,2,27.69,3,76.47,30.63,0,24.6800000000000000,1,0.77406620103249316732,49.29,4,3.6344647519582245,164.8581462140992167,383
2022-09-01 00:00:00.000 +0300,uk,31,false,2,98.79,0,0,1,63.30,0,5.34,49.3950000000000000,0,0.27470381460747298529,-131.64,-4,3.6344647519582245,164.8581462140992167,383
2022-09-01 00:00:00.000 +0300,uk,32,false,6,230.43,0,0,2,39.45,25.53,11.46,38.4050000000000000,2,2.5936883629191321,215.22,5,3.6344647519582245,164.8581462140992167,383
2022-09-01 00:00:00.000 +0300,uk,33,false,3,49.50,2,33.45,0,0,2.07,0,16.5000000000000000,0,0.00000000000000000000,-22.38,1,3.6344647519582245,164.8581462140992167,383
2022-09-01 00:00:00.000 +0300,uk,34,false,2,71.88,1,36.45,1,35.43,0,0,35.9400000000000000,0,0.49621848739495798319,0.48,0,3.6344647519582245,164.8581462140992167,383
2022-09-01 00:00:00.000 +0300,uk,38,false,2,71.40,0,0,0,0,3.39,19.83,35.7000000000000000,0,0.00000000000000000000,56.52,1,3.6344647519582245,164.8581462140992167,383
2022-09-01 00:00:00.000 +0300,uk,39,false,1,14.88,1,14.88,0,0,0,0,14.8800000000000000,0,0.00000000000000000000,-72.72,-1,3.6344647519582245,164.8581462140992167,383
2022-09-01 00:00:00.000 +0300,uk,44,false,1,15.21,0,0,0,0,0,48.57,15.2100000000000000,0,0.00000000000000000000,-41.94,-1,3.6344647519582245,164.8581462140992167,383
2022-10-01 00:00:00.000 +0300,en,16,false,1,130.92,0,0,1,130.92,0,0,130.9200000000000000,1,10.3167848699763593,118.23,0,3.6344647519582245,164.8581462140992167,383
2022-10-01 00:00:00.000 +0300,en,25,false,1,49.08,0,0,0,0,0,21.06,49.0800000000000000,0,0.00000000000000000000,-81.84,0,3.6344647519582245,164.8581462140992167,383
2022-10-01 00:00:00.000 +0300,en,28,false,1,25.77,0,0,0,0,7.44,0,25.7700000000000000,0,0.00000000000000000000,-9.90,0,3.6344647519582245,164.8581462140992167,383
2022-10-01 00:00:00.000 +0300,en,35,false,1,12.69,0,0,1,12.69,0,0,12.6900000000000000,1,0.49243306169965075669,-13.08,0,3.6344647519582245,164.8581462140992167,383
2022-10-01 00:00:00.000 +0300,ru,14,false,1,14.91,0,0,0,0,0,34.59,14.9100000000000000,0,0.00000000000000000000,-32.88,0,3.6344647519582245,164.8581462140992167,383
2022-10-01 00:00:00.000 +0300,ru,15,false,2,183.66,0,0,0,0,144.57,0,91.8300000000000000,0,0.00000000000000000000,168.75,1,3.6344647519582245,164.8581462140992167,383
2022-10-01 00:00:00.000 +0300,ru,16,false,3,219.96,3,219.96,0,0,0,0,73.3200000000000000,0,0.00000000000000000000,36.30,1,3.6344647519582245,164.8581462140992167,383
2022-10-01 00:00:00.000 +0300,ru,17,false,5,238.44,1,37.08,3,155.16,27.96,0,47.6880000000000000,1,1.3482794577685089,123.36,3,3.6344647519582245,164.8581462140992167,383
2022-10-01 00:00:00.000 +0300,ru,18,false,5,364.68,0,0,1,42.90,211.44,24.45,72.9360000000000000,0,0.17991947659788626069,126.24,0,3.6344647519582245,164.8581462140992167,383
2022-10-01 00:00:00.000 +0300,ru,19,false,5,182.67,1,14.4,2,71.52,57.96,0,36.5340000000000000,0,0.19611714379730174399,-182.01,0,3.6344647519582245,164.8581462140992167,383
2022-10-01 00:00:00.000 +0300,ru,20,true,2,167.43,0,0,0,0,57.78,12.27,83.7150000000000000,0,0.00000000000000000000,103.32,0,3.6344647519582245,164.8581462140992167,383
2022-10-01 00:00:00.000 +0300,ru,20,false,3,175.38,0,0,0,0,103.74,0.15,58.4600000000000000,0,0.00000000000000000000,-7.29,-2,3.6344647519582245,164.8581462140992167,383
2022-10-01 00:00:00.000 +0300,ru,21,true,2,39.54,1,12.24,0,0,0,5.40,19.7700000000000000,0,0.00000000000000000000,-7.83,0,3.6344647519582245,164.8581462140992167,383
2022-10-01 00:00:00.000 +0300,ru,21,false,2,64.11,1,25.89,0,0,0,15.30,32.0550000000000000,0,0.00000000000000000000,24.57,0,3.6344647519582245,164.8581462140992167,383
2022-10-01 00:00:00.000 +0300,ru,22,false,4,219.90,1,74.28,2,108.18,14.73,0,54.9750000000000000,2,5.6876971608832808,200.88,3,3.6344647519582245,164.8581462140992167,383
2022-10-01 00:00:00.000 +0300,ru,23,false,2,115.08,0,0,1,59.28,21.00,0,57.5400000000000000,0,0.26950354609929078014,-104.88,-1,3.6344647519582245,164.8581462140992167,383
2022-10-01 00:00:00.000 +0300,ru,24,false,2,31.20,0,0,0,0,1.74,50.10,15.6000000000000000,0,0.00000000000000000000,-144.18,-1,3.6344647519582245,164.8581462140992167,383
2022-10-01 00:00:00.000 +0300,ru,24,true,1,19.02,0,0,0,0,0,1.89,19.0200000000000000,0,0.00000000000000000000,-58.62,0,3.6344647519582245,164.8581462140992167,383
2022-10-01 00:00:00.000 +0300,ru,25,false,5,201.03,1,27.0,0,0,48.09,23.34,40.2060000000000000,0,0.00000000000000000000,-18.87,1,3.6344647519582245,164.8581462140992167,383
2022-10-01 00:00:00.000 +0300,ru,26,true,1,17.82,0,0,1,17.82,0,0,17.8200000000000000,1,0.76447876447876447876,-5.49,0,3.6344647519582245,164.8581462140992167,383
2022-10-01 00:00:00.000 +0300,ru,26,false,1,28.95,1,28.95,0,0,0,0,28.9500000000000000,0,0.00000000000000000000,-172.08,-4,3.6344647519582245,164.8581462140992167,383
2022-10-01 00:00:00.000 +0300,ru,28,false,1,23.31,1,23.31,0,0,0,0,23.3100000000000000,0,0.00000000000000000000,-36.48,-1,3.6344647519582245,164.8581462140992167,383
2022-10-01 00:00:00.000 +0300,ru,29,false,2,59.79,1,43.68,1,16.11,0,0,29.8950000000000000,1,0.93881118881118881119,42.63,1,3.6344647519582245,164.8581462140992167,383
2022-10-01 00:00:00.000 +0300,ru,30,false,1,17.16,0,0,1,17.16,0,0,17.1600000000000000,0,0.55000000000000000000,-14.04,-1,3.6344647519582245,164.8581462140992167,383
2022-10-01 00:00:00.000 +0300,ru,31,false,1,16.05,0,0,1,16.05,0,0,16.0500000000000000,1,0.90067340067340067340,-1.77,0,3.6344647519582245,164.8581462140992167,383
2022-10-01 00:00:00.000 +0300,ru,32,false,1,77.64,0,0,1,77.64,0,0,77.6400000000000000,1,4.8373831775700935,61.59,0,3.6344647519582245,164.8581462140992167,383
2022-10-01 00:00:00.000 +0300,ru,33,false,1,18.78,1,18.78,0,0,0,0,18.7800000000000000,0,0.00000000000000000000,6.18,0,3.6344647519582245,164.8581462140992167,383
2022-10-01 00:00:00.000 +0300,ru,34,false,3,113.04,0,0,1,31.8,5.61,22.98,37.6800000000000000,1,1.6932907348242812,94.26,2,3.6344647519582245,164.8581462140992167,383
2022-10-01 00:00:00.000 +0300,ru,37,false,1,47.79,0,0,0,0,8.67,0,47.7900000000000000,0,0.00000000000000000000,-65.25,-2,3.6344647519582245,164.8581462140992167,383
2022-10-01 00:00:00.000 +0300,ru,44,false,1,12.6,1,12.6,0,0,0,0,12.6000000000000000,0,0.00000000000000000000,-154.83,-1,3.6344647519582245,164.8581462140992167,383
2022-10-01 00:00:00.000 +0300,uk,14,true,2,39.75,1,12.75,0,0,0,8.79,19.8750000000000000,0,0.00000000000000000000,-182.55,-3,3.6344647519582245,164.8581462140992167,383
2022-10-01 00:00:00.000 +0300,uk,14,false,5,195.60,2,53.34,2,73.68,41.04,0,39.1200000000000000,1,1.8535849056603774,155.85,3,3.6344647519582245,164.8581462140992167,383
2022-10-01 00:00:00.000 +0300,uk,15,true,1,18.84,1,18.84,0,0,0,0,18.8400000000000000,0,0.00000000000000000000,-742.20,-12,3.6344647519582245,164.8581462140992167,383
2022-10-01 00:00:00.000 +0300,uk,15,false,5,222.30,1,36.75,3,147.15,0,4.32,44.4600000000000000,3,7.8105095541401274,203.46,4,3.6344647519582245,164.8581462140992167,383
2022-10-01 00:00:00.000 +0300,uk,16,false,13,761.04,0,0,4,133.20,196.74,154.17,58.5415384615384615,2,1.8004866180048662,687.06,11,3.6344647519582245,164.8581462140992167,383
2022-10-01 00:00:00.000 +0300,uk,17,false,5,175.02,3,138.63,0,0,3.24,31.41,35.0040000000000000,0,0.00000000000000000000,139.29,4,3.6344647519582245,164.8581462140992167,383
2022-10-01 00:00:00.000 +0300,uk,18,true,5,291.57,0,0,2,120.36,78.51,0,58.3140000000000000,0,0.19273635664873174481,-332.91,-5,3.6344647519582245,164.8581462140992167,383
2022-10-01 00:00:00.000 +0300,uk,18,false,7,319.23,1,15.48,4,185.97,27.75,0,45.6042857142857143,0,0.63782282127790924992,27.66,2,3.6344647519582245,164.8581462140992167,383
2022-10-01 00:00:00.000 +0300,uk,19,true,1,19.65,0,0,0,0,0,6.18,19.6500000000000000,0,0.00000000000000000000,-175.95,-4,3.6344647519582245,164.8581462140992167,383
2022-10-01 00:00:00.000 +0300,uk,19,false,10,624.48,6,320.91,1,17.7,155.10,0,62.4480000000000000,1,0.90076335877862595420,604.83,9,3.6344647519582245,164.8581462140992167,383
2022-10-01 00:00:00.000 +0300,uk,20,false,11,582.60,0,0,2,81.99,200.46,90.27,52.9636363636363636,0,0.17976715122015391699,126.51,4,3.6344647519582245,164.8581462140992167,383
2022-10-01 00:00:00.000 +0300,uk,21,false,7,456.09,2,72.42,1,32.85,177.45,98.64,65.1557142857142857,0,0.21644593793239770706,304.32,4,3.6344647519582245,164.8581462140992167,383
2022-10-01 00:00:00.000 +0300,uk,21,true,3,151.77,2,95.49,1,56.28,0,0,50.5900000000000000,0,1.1369696969696970,102.27,0,3.6344647519582245,164.8581462140992167,383
2022-10-01 00:00:00.000 +0300,uk,22,false,5,242.67,0,0,0,0,18.99,150.54,48.5340000000000000,0,0.00000000000000000000,-33.72,-4,3.6344647519582245,164.8581462140992167,383
2022-10-01 00:00:00.000 +0300,uk,23,false,9,276.39,2,31.29,2,118.11,37.53,65.94,30.7100000000000000,0,0.18313331472695134431,-368.55,1,3.6344647519582245,164.8581462140992167,383
2022-10-01 00:00:00.000 +0300,uk,24,false,8,644.94,1,19.17,2,254.55,65.31,98.76,80.6175000000000000,0,0.38538402143797974293,-15.57,-5,3.6344647519582245,164.8581462140992167,383
2022-10-01 00:00:00.000 +0300,uk,25,false,13,660.51,2,73.74,5,199.62,117.30,79.32,50.8084615384615385,5,8.6415584415584416,637.41,12,3.6344647519582245,164.8581462140992167,383
2022-10-01 00:00:00.000 +0300,uk,25,true,1,23.1,0,0,0,0,4.98,0,23.1000000000000000,0,0.00000000000000000000,-55.23,-3,3.6344647519582245,164.8581462140992167,383
2022-10-01 00:00:00.000 +0300,uk,26,false,4,78.33,2,28.20,1,18.0,1.62,0,19.5825000000000000,1,0.52264808362369337979,43.89,3,3.6344647519582245,164.8581462140992167,383
2022-10-01 00:00:00.000 +0300,uk,28,false,2,73.98,0,0,0,0,33.84,16.86,36.9900000000000000,0,0.00000000000000000000,-508.62,-9,3.6344647519582245,164.8581462140992167,383
2022-10-01 00:00:00.000 +0300,uk,29,false,3,39.72,0,0,1,13.23,0.60,28.65,13.2400000000000000,0,0.04144347335776712715,-279.51,-4,3.6344647519582245,164.8581462140992167,383
2022-10-01 00:00:00.000 +0300,uk,30,false,3,109.20,0,0,0,0,60.45,22.86,36.4000000000000000,0,0.00000000000000000000,69.48,0,3.6344647519582245,164.8581462140992167,383
2022-10-01 00:00:00.000 +0300,uk,31,false,1,35.73,0,0,0,0,0.24,0,35.7300000000000000,0,0.00000000000000000000,-73.47,-2,3.6344647519582245,164.8581462140992167,383
2022-10-01 00:00:00.000 +0300,uk,32,false,4,138.27,0,0,1,16.86,21.48,41.31,34.5675000000000000,0,0.09633184778882413438,-36.75,-1,3.6344647519582245,164.8581462140992167,383
2022-10-01 00:00:00.000 +0300,uk,33,false,3,52.98,0,0,2,35.34,2.73,0,17.6600000000000000,0,0.25558689520503362985,-85.29,-1,3.6344647519582245,164.8581462140992167,383
2022-10-01 00:00:00.000 +0300,uk,34,false,1,19.23,0,0,0,0,0,17.22,19.2300000000000000,0,0.00000000000000000000,-33.75,-2,3.6344647519582245,164.8581462140992167,383
2022-10-01 00:00:00.000 +0300,uk,37,false,1,12.33,0,0,1,12.33,0,0,12.3300000000000000,1,0.64118564742589703588,-6.90,0,3.6344647519582245,164.8581462140992167,383
2022-10-01 00:00:00.000 +0300,uk,38,false,2,143.19,0,0,1,16.35,77.31,0,71.5950000000000000,1,1.3260340632603406,130.86,1,3.6344647519582245,164.8581462140992167,383
2022-10-01 00:00:00.000 +0300,uk,40,false,1,12.51,1,12.51,0,0,0,0,12.5100000000000000,0,0.00000000000000000000,-130.68,-1,3.6344647519582245,164.8581462140992167,383
2022-10-01 00:00:00.000 +0300,uk,44,false,1,34.44,0,0,1,34.44,0,0,34.4400000000000000,1,2.7529976019184652,21.93,0,3.6344647519582245,164.8581462140992167,383
2022-11-01 00:00:00.000 +0300,en,25,false,1,376.56,0,0,0,0,327.48,0,376.5600000000000000,0,0.00000000000000000000,327.48,0,3.6344647519582245,164.8581462140992167,383
2022-11-01 00:00:00.000 +0300,en,28,false,1,122.97,0,0,0,0,97.20,0,122.9700000000000000,0,0.00000000000000000000,-253.59,0,3.6344647519582245,164.8581462140992167,383
2022-11-01 00:00:00.000 +0300,ru,14,true,1,32.16,1,32.16,0,0,0,0,32.1600000000000000,0,0.00000000000000000000,-120.27,-1,3.6344647519582245,164.8581462140992167,383
2022-11-01 00:00:00.000 +0300,ru,14,false,1,29.22,0,0,0,0,14.31,0,29.2200000000000000,0,0.00000000000000000000,-2.94,0,3.6344647519582245,164.8581462140992167,383
2022-11-01 00:00:00.000 +0300,ru,15,false,2,152.43,0,0,0,0,73.44,104.67,76.2150000000000000,0,0.00000000000000000000,-118.17,-2,3.6344647519582245,164.8581462140992167,383
2022-11-01 00:00:00.000 +0300,ru,16,false,4,270.60,1,119.55,1,43.08,0,42.09,67.6500000000000000,0,0.27748792270531400966,115.35,2,3.6344647519582245,164.8581462140992167,383
2022-11-01 00:00:00.000 +0300,ru,17,false,2,155.25,0,0,0,0,71.97,0,77.6250000000000000,0,0.00000000000000000000,-55.41,-4,3.6344647519582245,164.8581462140992167,383
2022-11-01 00:00:00.000 +0300,ru,18,false,6,210.66,0,0,5,148.11,7.44,0,35.1100000000000000,2,0.86010452961672473868,38.46,4,3.6344647519582245,164.8581462140992167,383
2022-11-01 00:00:00.000 +0300,ru,19,false,2,172.20,0,0,0,0,78.33,2.88,86.1000000000000000,0,0.00000000000000000000,92.91,-1,3.6344647519582245,164.8581462140992167,383
2022-11-01 00:00:00.000 +0300,ru,20,false,3,79.29,0,0,2,50.16,0,13.71,26.4300000000000000,1,0.55714761746084638454,-10.74,1,3.6344647519582245,164.8581462140992167,383
2022-11-01 00:00:00.000 +0300,ru,20,true,2,90.03,0,0,1,31.08,0,77.91,45.0150000000000000,0,0.21242567151937666598,-56.28,-1,3.6344647519582245,164.8581462140992167,383
2022-11-01 00:00:00.000 +0300,ru,21,true,1,45.24,0,0,0,0,17.94,0,45.2400000000000000,0,0.00000000000000000000,-123.15,-1,3.6344647519582245,164.8581462140992167,383
2022-11-01 00:00:00.000 +0300,ru,21,false,3,146.31,1,29.22,1,29.34,61.86,0,48.7700000000000000,1,0.64854111405835543767,101.07,2,3.6344647519582245,164.8581462140992167,383
2022-11-01 00:00:00.000 +0300,ru,22,false,2,168.39,0,0,0,0,56.67,0,84.1950000000000000,0,0.00000000000000000000,5.82,0,3.6344647519582245,164.8581462140992167,383
2022-11-01 00:00:00.000 +0300,ru,23,false,2,162.57,0,0,1,148.14,0,33.75,81.2850000000000000,0,0.48006999805560956640,-146.01,-3,3.6344647519582245,164.8581462140992167,383
2022-11-01 00:00:00.000 +0300,ru,24,true,1,20.97,0,0,1,20.97,0,0,20.9700000000000000,0,0.09595058339052848318,-197.58,-3,3.6344647519582245,164.8581462140992167,383
2022-11-01 00:00:00.000 +0300,ru,24,false,5,308.58,1,21.24,0,0,168.27,0,61.7160000000000000,0,0.00000000000000000000,287.61,4,3.6344647519582245,164.8581462140992167,383
2022-11-01 00:00:00.000 +0300,ru,25,false,4,218.55,0,0,1,14.19,121.20,61.20,54.6375000000000000,0,0.18988358089120835006,143.82,2,3.6344647519582245,164.8581462140992167,383
2022-11-01 00:00:00.000 +0300,ru,26,false,2,74.73,0,0,2,74.73,0,0,37.3650000000000000,1,1.3292422625400213,18.51,0,3.6344647519582245,164.8581462140992167,383
2022-11-01 00:00:00.000 +0300,ru,27,false,1,21.45,0,0,0,0,6.12,0,21.4500000000000000,0,0.00000000000000000000,4.17,0,3.6344647519582245,164.8581462140992167,383
2022-11-01 00:00:00.000 +0300,ru,29,false,1,17.28,0,0,0,0,0,26.40,17.2800000000000000,0,0.00000000000000000000,-37.53,-1,3.6344647519582245,164.8581462140992167,383
2022-11-01 00:00:00.000 +0300,ru,34,false,2,56.22,0,0,2,56.22,0,0,28.1100000000000000,2,1.9419689119170984,27.27,1,3.6344647519582245,164.8581462140992167,383
2022-11-01 00:00:00.000 +0300,ru,37,false,2,54.81,0,0,1,27.63,10.20,0,27.4050000000000000,1,0.94558521560574948665,25.59,1,3.6344647519582245,164.8581462140992167,383
2022-11-01 00:00:00.000 +0300,ru,43,false,1,13.86,0,0,1,13.86,0,0,13.8600000000000000,1,0.64615384615384615385,-7.59,0,3.6344647519582245,164.8581462140992167,383
2022-11-01 00:00:00.000 +0300,uk,14,false,3,192.12,0,0,0,0,110.70,40.50,64.0400000000000000,0,0.00000000000000000000,161.34,2,3.6344647519582245,164.8581462140992167,383
2022-11-01 00:00:00.000 +0300,uk,14,true,1,49.92,0,0,0,0,22.92,0,49.9200000000000000,0,0.00000000000000000000,-142.20,-2,3.6344647519582245,164.8581462140992167,383
2022-11-01 00:00:00.000 +0300,uk,15,false,1,62.07,0,0,0,0,23.67,0,62.0700000000000000,0,0.00000000000000000000,12.15,0,3.6344647519582245,164.8581462140992167,383
2022-11-01 00:00:00.000 +0300,uk,16,false,9,576.45,0,0,2,79.62,127.08,123.12,64.0500000000000000,2,1.2827452875785404,514.38,8,3.6344647519582245,164.8581462140992167,383
2022-11-01 00:00:00.000 +0300,uk,17,false,6,169.35,1,50.82,2,62.52,4.77,60.39,28.2250000000000000,0,0.10845693468644288316,-407.10,-3,3.6344647519582245,164.8581462140992167,383
2022-11-01 00:00:00.000 +0300,uk,18,false,4,216.93,0,0,1,12.51,124.08,57.00,54.2325000000000000,0,0.07387068201948627104,47.58,-2,3.6344647519582245,164.8581462140992167,383
2022-11-01 00:00:00.000 +0300,uk,18,true,3,91.47,0,0,2,61.77,0,3.39,30.4900000000000000,0,0.28474623150324989628,-125.46,-1,3.6344647519582245,164.8581462140992167,383
2022-11-01 00:00:00.000 +0300,uk,19,false,11,601.41,2,87.33,2,73.89,57.03,118.44,54.6736363636363636,0,0.80780583797966546409,509.94,8,3.6344647519582245,164.8581462140992167,383
2022-11-01 00:00:00.000 +0300,uk,19,true,1,26.52,0,0,0,0,6.87,0,26.5200000000000000,0,0.00000000000000000000,-574.89,-10,3.6344647519582245,164.8581462140992167,383
2022-11-01 00:00:00.000 +0300,uk,20,true,2,48.39,1,17.13,0,0,13.02,0,24.1950000000000000,0,0.00000000000000000000,-355.53,-8,3.6344647519582245,164.8581462140992167,383
2022-11-01 00:00:00.000 +0300,uk,20,false,10,403.92,0,0,0,0,38.07,165.48,40.3920000000000000,0,0.00000000000000000000,377.40,9,3.6344647519582245,164.8581462140992167,383
2022-11-01 00:00:00.000 +0300,uk,21,false,8,277.98,1,33.33,2,72.93,17.10,200.61,34.7475000000000000,1,1.5071295722256665,229.59,6,3.6344647519582245,164.8581462140992167,383
2022-11-01 00:00:00.000 +0300,uk,22,false,7,350.85,1,15.3,0,0,56.91,35.61,50.1214285714285714,0,0.00000000000000000000,72.87,-1,3.6344647519582245,164.8581462140992167,383
2022-11-01 00:00:00.000 +0300,uk,23,false,7,251.37,1,15.51,2,37.53,118.38,0,35.9100000000000000,0,0.10696879008123129543,-99.48,0,3.6344647519582245,164.8581462140992167,383
2022-11-01 00:00:00.000 +0300,uk,24,false,6,261.51,0,0,3,64.92,2.43,73.17,43.5850000000000000,0,0.25826470939252894140,10.14,-1,3.6344647519582245,164.8581462140992167,383
2022-11-01 00:00:00.000 +0300,uk,25,true,3,102.63,2,80.97,0,0,0,1.44,34.2100000000000000,0,0.00000000000000000000,-302.22,-7,3.6344647519582245,164.8581462140992167,383
2022-11-01 00:00:00.000 +0300,uk,25,false,10,404.85,0,0,1,59.04,77.67,294.78,40.4850000000000000,0,0.22576574509578983595,143.34,4,3.6344647519582245,164.8581462140992167,383
2022-11-01 00:00:00.000 +0300,uk,26,false,5,183.99,2,43.14,1,26.76,84.39,14.46,36.7980000000000000,0,0.26074247296112247881,81.36,2,3.6344647519582245,164.8581462140992167,383
2022-11-01 00:00:00.000 +0300,uk,27,false,2,121.11,1,17.19,0,0,38.97,0,60.5550000000000000,0,0.00000000000000000000,-62.88,-3,3.6344647519582245,164.8581462140992167,383
2022-11-01 00:00:00.000 +0300,uk,28,false,9,210.63,6,138.24,2,56.70,3.48,0,23.4033333333333333,1,0.46816943274708942284,89.52,7,3.6344647519582245,164.8581462140992167,383
2022-11-01 00:00:00.000 +0300,uk,29,false,3,118.62,0,0,1,30.48,62.04,0,39.5400000000000000,0,0.14470873095000712149,-92.01,-6,3.6344647519582245,164.8581462140992167,383
2022-11-01 00:00:00.000 +0300,uk,30,false,7,188.70,0,0,4,144.78,0.33,10.74,26.9571428571428571,1,1.2205361659079413,70.08,4,3.6344647519582245,164.8581462140992167,383
2022-11-01 00:00:00.000 +0300,uk,31,false,3,176.10,1,58.17,2,117.93,0,0,58.7000000000000000,0,0.62496025437201907790,-12.60,-4,3.6344647519582245,164.8581462140992167,383
2022-11-01 00:00:00.000 +0300,uk,32,false,4,107.31,0,0,3,79.89,0,30.72,26.8275000000000000,1,0.45366269165247018739,-68.79,1,3.6344647519582245,164.8581462140992167,383
2022-11-01 00:00:00.000 +0300,uk,33,false,1,30.78,0,0,1,30.78,0,0,30.7800000000000000,0,0.12683891704784274941,-211.89,-4,3.6344647519582245,164.8581462140992167,383
2022-11-01 00:00:00.000 +0300,uk,34,false,3,87.66,2,73.92,0,0,0,5.49,29.2200000000000000,0,0.00000000000000000000,-19.65,-1,3.6344647519582245,164.8581462140992167,383
2022-11-01 00:00:00.000 +0300,uk,35,false,1,15.66,1,15.66,0,0,0,0,15.6600000000000000,0,0.00000000000000000000,-72.00,-2,3.6344647519582245,164.8581462140992167,383
2022-11-01 00:00:00.000 +0300,uk,36,false,2,25.35,0,0,2,25.35,0,0,12.6750000000000000,2,1.6187739463601533,9.69,1,3.6344647519582245,164.8581462140992167,383
2022-11-01 00:00:00.000 +0300,uk,38,false,1,14.85,0,0,1,14.85,0,0,14.8500000000000000,0,0.58579881656804733728,-10.50,-1,3.6344647519582245,164.8581462140992167,383
2022-11-01 00:00:00.000 +0300,uk,39,false,2,26.94,1,13.65,1,13.29,0,0,13.4700000000000000,1,0.89494949494949494949,12.09,1,3.6344647519582245,164.8581462140992167,383
2022-11-01 00:00:00.000 +0300,uk,40,false,1,29.22,0,0,0,0,14.97,0,29.2200000000000000,0,0.00000000000000000000,2.28,-1,3.6344647519582245,164.8581462140992167,383
2022-12-01 00:00:00.000 +0300,en,24,false,1,82.14,1,82.14,0,0,0,0,82.1400000000000000,0,0.00000000000000000000,-40.83,0,3.6344647519582245,164.8581462140992167,383
2022-12-01 00:00:00.000 +0300,en,25,false,1,119.94,0,0,1,119.94,0,0,119.9400000000000000,1,1.4601899196493791,37.80,0,3.6344647519582245,164.8581462140992167,383
2022-12-01 00:00:00.000 +0300,en,28,false,1,32.79,0,0,1,32.79,0,0,32.7900000000000000,1,0.27338669334667333667,-87.15,0,3.6344647519582245,164.8581462140992167,383
2022-12-01 00:00:00.000 +0300,en,29,false,1,45.06,1,45.06,0,0,0,0,45.0600000000000000,0,0.00000000000000000000,12.27,0,3.6344647519582245,164.8581462140992167,383
2022-12-01 00:00:00.000 +0300,ru,14,false,1,34.14,0,0,1,34.14,0,0,34.1400000000000000,1,0.86081694402420574887,-5.52,0,3.6344647519582245,164.8581462140992167,383
2022-12-01 00:00:00.000 +0300,ru,14,true,1,39.66,0,0,1,39.66,0,0,39.6600000000000000,0,0.23764156030918569117,-127.23,-3,3.6344647519582245,164.8581462140992167,383
2022-12-01 00:00:00.000 +0300,ru,15,false,4,166.89,0,0,4,166.89,0,0,41.7225000000000000,1,0.66471501971561715856,-84.18,0,3.6344647519582245,164.8581462140992167,383
2022-12-01 00:00:00.000 +0300,ru,16,false,4,251.07,1,17.07,3,234.00,0,0,62.7675000000000000,0,0.74200913242009132420,-64.29,-1,3.6344647519582245,164.8581462140992167,383
2022-12-01 00:00:00.000 +0300,ru,17,false,5,315.36,2,134.79,3,180.57,0,0,63.0720000000000000,3,2.1911175828176192,232.95,4,3.6344647519582245,164.8581462140992167,383
2022-12-01 00:00:00.000 +0300,ru,18,false,1,82.41,0,0,1,82.41,0,0,82.4100000000000000,0,0.42928582591029848414,-109.56,-2,3.6344647519582245,164.8581462140992167,383
2022-12-01 00:00:00.000 +0300,ru,19,false,3,191.97,1,62.82,2,129.15,0,0,63.9900000000000000,1,1.2157582603784242,85.74,1,3.6344647519582245,164.8581462140992167,383
2022-12-01 00:00:00.000 +0300,ru,20,true,1,47.13,0,0,1,47.13,0,0,47.1300000000000000,0,0.49527112232030264817,-48.03,-1,3.6344647519582245,164.8581462140992167,383
2022-12-01 00:00:00.000 +0300,ru,20,false,2,106.23,0,0,2,106.23,0,0,53.1150000000000000,2,2.2539783577339274,59.10,1,3.6344647519582245,164.8581462140992167,383
2022-12-01 00:00:00.000 +0300,ru,21,true,1,20.88,0,0,1,20.88,0,0,20.8800000000000000,0,0.15689810640216411181,-112.20,-2,3.6344647519582245,164.8581462140992167,383
2022-12-01 00:00:00.000 +0300,ru,21,false,2,95.16,0,0,2,95.16,0,0,47.5800000000000000,2,4.5574712643678161,74.28,1,3.6344647519582245,164.8581462140992167,383
2022-12-01 00:00:00.000 +0300,ru,22,false,3,133.08,0,0,3,133.08,0,0,44.3600000000000000,1,1.8003246753246753,59.16,0,3.6344647519582245,164.8581462140992167,383
2022-12-01 00:00:00.000 +0300,ru,23,false,3,73.92,0,0,3,73.92,0,0,24.6400000000000000,0,0.28163218653560406904,-188.55,-2,3.6344647519582245,164.8581462140992167,383
2022-12-01 00:00:00.000 +0300,ru,24,false,5,262.47,0,0,5,262.47,0,0,52.4940000000000000,1,0.70340890818459559415,-110.67,0,3.6344647519582245,164.8581462140992167,383
2022-12-01 00:00:00.000 +0300,ru,25,false,5,373.14,1,78.00,4,295.14,0,0,74.6280000000000000,4,17.9198542805100182,356.67,4,3.6344647519582245,164.8581462140992167,383
2022-12-01 00:00:00.000 +0300,ru,26,true,1,16.47,0,0,1,16.47,0,0,16.4700000000000000,1,1.2948113207547170,3.75,0,3.6344647519582245,164.8581462140992167,383
2022-12-01 00:00:00.000 +0300,ru,27,false,1,12.72,0,0,1,12.72,0,0,12.7200000000000000,0,0.20200095283468318247,-50.25,-1,3.6344647519582245,164.8581462140992167,383
2022-12-01 00:00:00.000 +0300,ru,29,false,2,62.97,0,0,2,62.97,0,0,31.4850000000000000,2,1.5014306151645207,21.03,1,3.6344647519582245,164.8581462140992167,383
2022-12-01 00:00:00.000 +0300,ru,37,false,1,41.94,0,0,1,41.94,0,0,41.9400000000000000,1,3.0259740259740260,28.08,0,3.6344647519582245,164.8581462140992167,383
2022-12-01 00:00:00.000 +0300,uk,14,false,6,319.80,3,138.93,3,180.87,0,0,53.3000000000000000,3,6.1899383983572895,290.58,5,3.6344647519582245,164.8581462140992167,383
2022-12-01 00:00:00.000 +0300,uk,14,true,1,27.42,0,0,1,27.42,0,0,27.4200000000000000,0,0.08574108818011257036,-292.38,-5,3.6344647519582245,164.8581462140992167,383
2022-12-01 00:00:00.000 +0300,uk,15,false,4,154.65,1,16.08,3,138.57,0,0,38.6625000000000000,3,5.0536105032822757,127.23,3,3.6344647519582245,164.8581462140992167,383
2022-12-01 00:00:00.000 +0300,uk,16,false,12,565.74,2,43.23,10,522.51,0,0,47.1450000000000000,2,3.3786614936954413,411.09,8,3.6344647519582245,164.8581462140992167,383
2022-12-01 00:00:00.000 +0300,uk,17,false,5,323.37,1,24.51,4,298.86,0,0,64.6740000000000000,0,0.52826386679393360908,-242.37,-7,3.6344647519582245,164.8581462140992167,383
2022-12-01 00:00:00.000 +0300,uk,18,false,6,288.90,2,100.89,4,188.01,0,0,48.1500000000000000,0,0.58140829390481491790,-34.47,1,3.6344647519582245,164.8581462140992167,383
2022-12-01 00:00:00.000 +0300,uk,18,true,3,130.44,0,0,3,130.44,0,0,43.4800000000000000,0,0.45150571131879543094,-158.46,-3,3.6344647519582245,164.8581462140992167,383
2022-12-01 00:00:00.000 +0300,uk,19,false,14,710.37,2,84.90,12,625.47,0,0,50.7407142857142857,4,4.7950781968721251,579.93,11,3.6344647519582245,164.8581462140992167,383
2022-12-01 00:00:00.000 +0300,uk,19,true,1,33.81,0,0,1,33.81,0,0,33.8100000000000000,0,0.04759491532581612399,-676.56,-13,3.6344647519582245,164.8581462140992167,383
2022-12-01 00:00:00.000 +0300,uk,20,false,14,448.47,2,46.08,12,402.39,0,0,32.0335714285714286,12,11.9015084294587400,414.66,13,3.6344647519582245,164.8581462140992167,383
2022-12-01 00:00:00.000 +0300,uk,20,true,2,88.74,0,0,2,88.74,0,0,44.3700000000000000,0,0.19787276740919125025,-359.73,-12,3.6344647519582245,164.8581462140992167,383
2022-12-01 00:00:00.000 +0300,uk,21,false,5,186.99,0,0,5,186.99,0,0,37.3980000000000000,2,2.1071670047329277,98.25,3,3.6344647519582245,164.8581462140992167,383
2022-12-01 00:00:00.000 +0300,uk,21,true,2,51.42,1,24.69,1,26.73,0,0,25.7100000000000000,0,0.14294882079255575164,-135.57,-3,3.6344647519582245,164.8581462140992167,383
2022-12-01 00:00:00.000 +0300,uk,22,false,8,505.71,1,76.14,7,429.57,0,0,63.2137500000000000,3,8.3541423570595099,454.29,6,3.6344647519582245,164.8581462140992167,383
2022-12-01 00:00:00.000 +0300,uk,22,true,1,12.09,1,12.09,0,0,0,0,12.0900000000000000,0,0.00000000000000000000,-493.62,-7,3.6344647519582245,164.8581462140992167,383
2022-12-01 00:00:00.000 +0300,uk,23,false,9,298.92,2,49.86,7,249.06,0,0,33.2133333333333333,7,20.6004962779156328,286.83,8,3.6344647519582245,164.8581462140992167,383
2022-12-01 00:00:00.000 +0300,uk,24,false,4,352.38,0,0,4,352.38,0,0,88.0950000000000000,0,1.1788438378161381,53.46,-5,3.6344647519582245,164.8581462140992167,383
2022-12-01 00:00:00.000 +0300,uk,25,false,12,590.13,1,75.39,11,514.74,0,0,49.1775000000000000,2,1.4607525966286395,237.75,8,3.6344647519582245,164.8581462140992167,383
2022-12-01 00:00:00.000 +0300,uk,25,true,3,106.02,0,0,3,106.02,0,0,35.3400000000000000,0,0.17965533018148543541,-484.11,-9,3.6344647519582245,164.8581462140992167,383
2022-12-01 00:00:00.000 +0300,uk,26,false,5,85.98,1,16.5,4,69.48,0,0,17.1960000000000000,1,0.65534804753820033956,-20.04,2,3.6344647519582245,164.8581462140992167,383
2022-12-01 00:00:00.000 +0300,uk,27,false,2,40.02,1,22.8,1,17.22,0,0,20.0100000000000000,0,0.20027913468248429867,-45.96,-3,3.6344647519582245,164.8581462140992167,383
2022-12-01 00:00:00.000 +0300,uk,28,false,3,101.13,0,0,3,101.13,0,0,33.7100000000000000,1,2.5269865067466267,61.11,1,3.6344647519582245,164.8581462140992167,383
2022-12-01 00:00:00.000 +0300,uk,29,false,2,50.1,0,0,2,50.1,0,0,25.0500000000000000,0,0.49540195787600118659,-51.03,-1,3.6344647519582245,164.8581462140992167,383
2022-12-01 00:00:00.000 +0300,uk,30,false,6,156.12,3,98.67,3,57.45,0,0,26.0200000000000000,1,1.1467065868263473,106.02,4,3.6344647519582245,164.8581462140992167,383
2022-12-01 00:00:00.000 +0300,uk,31,false,2,48.42,1,17.28,1,31.14,0,0,24.2100000000000000,0,0.19946195234435049962,-107.70,-4,3.6344647519582245,164.8581462140992167,383
2022-12-01 00:00:00.000 +0300,uk,32,false,2,30.51,0,0,2,30.51,0,0,15.2550000000000000,1,0.63011152416356877323,-17.91,0,3.6344647519582245,164.8581462140992167,383
2022-12-01 00:00:00.000 +0300,uk,34,false,2,30.24,0,0,2,30.24,0,0,15.1200000000000000,1,0.99115044247787610619,-0.27,0,3.6344647519582245,164.8581462140992167,383
2022-12-01 00:00:00.000 +0300,uk,38,false,1,46.38,0,0,1,46.38,0,0,46.3800000000000000,0,1.5337301587301587,16.14,-1,3.6344647519582245,164.8581462140992167,383
2022-12-01 00:00:00.000 +0300,uk,40,false,1,25.83,0,0,1,25.83,0,0,25.8300000000000000,1,0.55692108667529107374,-20.55,0,3.6344647519582245,164.8581462140992167,383
2022-12-01 00:00:00.000 +0300,uk,44,false,1,22.14,0,0,1,22.14,0,0,22.1400000000000000,1,0.85714285714285714286,-3.69,0,3.6344647519582245,164.8581462140992167,383
